Country,Year,Count of historical_emissions.csv,Pivot_Field_Values,Year_String
Argentina,2018,1,207.11,2018
Argentina,2017,1,209.83,2017
Argentina,2016,1,213.99,2016
Argentina,2015,1,251.66,2015
Argentina,2014,1,245.48,2014
Argentina,2013,1,249.58,2013
Argentina,2012,1,244.1,2012
Argentina,2011,1,242.84,2011
Argentina,2010,1,262.97,2010
Argentina,2009,1,252.27,2009
Argentina,2008,1,262.98,2008
Argentina,2007,1,258.46,2007
Argentina,2006,1,250.19,2006
Argentina,2005,1,241.14,2005
Argentina,2004,1,236.68,2004
Argentina,2003,1,223.19,2003
Argentina,2002,1,212.28,2002
Argentina,2001,1,219.67,2001
Argentina,2000,1,176.25,2000
Argentina,1999,1,178.51,1999
Argentina,1998,1,177.49,1998
Argentina,1997,1,171.64,1997
Argentina,1996,1,170.88,1996
Argentina,1995,1,158.13,1995
Argentina,1994,1,158.12,1994
Argentina,1993,1,155.35,1993
Argentina,1992,1,151.67,1992
Argentina,1991,1,149.64,1991
Argentina,1990,1,144.16,1990
Australia,2018,1,388.81,2018
Australia,2017,1,389.39,2017
Australia,2016,1,386.15,2016
Australia,2015,1,346.53,2015
Australia,2014,1,340.43,2014
Australia,2013,1,349.83,2013
Australia,2012,1,356.33,2012
Australia,2011,1,356.33,2011
Australia,2010,1,416.72,2010
Australia,2009,1,424.33,2009
Australia,2008,1,417.88,2008
Australia,2007,1,414.75,2007
Australia,2006,1,404.44,2006
Australia,2005,1,398.89,2005
Australia,2004,1,394.65,2004
Australia,2003,1,381.38,2003
Australia,2002,1,382.28,2002
Australia,2001,1,374.35,2001
Australia,2000,1,389.23,2000
Australia,1999,1,383.46,1999
Australia,1998,1,378.07,1998
Australia,1997,1,357.18,1997
Australia,1996,1,349.99,1996
Australia,1995,1,339.4,1995
Australia,1994,1,329.03,1994
Australia,1993,1,322.72,1993
Australia,1992,1,318.72,1992
Australia,1991,1,315.07,1991
Australia,1990,1,313.95,1990
Austria,2018,1,56.06,2018
Austria,2017,1,58.71,2017
Austria,2016,1,56.27,2016
Austria,2015,1,56.08,2015
Austria,2014,1,54.92,2014
Austria,2013,1,58.68,2013
Austria,2012,1,58.04,2012
Austria,2011,1,61.2,2011
Austria,2010,1,63.79,2010
Austria,2009,1,58.26,2009
Austria,2008,1,64.56,2008
Austria,2007,1,65.08,2007
Austria,2006,1,67.93,2006
Austria,2005,1,70.07,2005
Austria,2004,1,69.63,2004
Austria,2003,1,68.3,2003
Austria,2002,1,63.2,2002
Austria,2001,1,61.75,2001
Austria,2000,1,50.06,2000
Austria,1999,1,49.58,1999
Austria,1998,1,51.2,1998
Austria,1997,1,50.75,1997
Austria,1996,1,51.43,1996
Austria,1995,1,47.71,1995
Austria,1994,1,44.81,1994
Austria,1993,1,44.33,1993
Austria,1992,1,44.19,1992
Austria,1991,1,48.95,1991
Austria,1990,1,44.8,1990
Azerbaijan,2018,1,30.1,2018
Azerbaijan,2017,1,30.05,2017
Azerbaijan,2016,1,30.74,2016
Azerbaijan,2015,1,29.32,2015
Azerbaijan,2014,1,29.78,2014
Azerbaijan,2013,1,28.54,2013
Azerbaijan,2012,1,27.91,2012
Azerbaijan,2011,1,25.71,2011
Azerbaijan,2010,1,22.33,2010
Azerbaijan,2009,1,23.33,2009
Azerbaijan,2008,1,27.77,2008
Azerbaijan,2007,1,25.7,2007
Azerbaijan,2006,1,32.36,2006
Azerbaijan,2005,1,34.84,2005
Azerbaijan,2004,1,32.28,2004
Azerbaijan,2003,1,32.52,2003
Azerbaijan,2002,1,36.32,2002
Azerbaijan,2001,1,36.91,2001
Azerbaijan,2000,1,38.43,2000
Azerbaijan,1999,1,37.2,1999
Azerbaijan,1998,1,37.81,1998
Azerbaijan,1997,1,37.89,1997
Azerbaijan,1996,1,38.8,1996
Azerbaijan,1995,1,44.19,1995
Azerbaijan,1994,1,46,1994
Azerbaijan,1993,1,51.94,1993
Azerbaijan,1992,1,43.05,1992
Azerbaijan,1991,1,65.45,1991
Azerbaijan,1990,1,55.94,1990
Belarus,2018,1,37.8,2018
Belarus,2017,1,34.8,2017
Belarus,2016,1,33.85,2016
Belarus,2015,1,38.47,2015
Belarus,2014,1,43.05,2014
Belarus,2013,1,43.53,2013
Belarus,2012,1,43.38,2012
Belarus,2011,1,41.94,2011
Belarus,2010,1,36.42,2010
Belarus,2009,1,32.15,2009
Belarus,2008,1,35.27,2008
Belarus,2007,1,32.48,2007
Belarus,2006,1,33.97,2006
Belarus,2005,1,31.68,2005
Belarus,2004,1,30.99,2004
Belarus,2003,1,27.87,2003
Belarus,2002,1,27.13,2002
Belarus,2001,1,27.14,2001
Belarus,2000,1,20.46,2000
Belarus,1999,1,22.42,1999
Belarus,1998,1,24.49,1998
Belarus,1997,1,26.24,1997
Belarus,1996,1,25.62,1996
Belarus,1995,1,24.64,1995
Belarus,1994,1,31.66,1994
Belarus,1993,1,43.24,1993
Belarus,1992,1,54.78,1992
Belarus,1991,1,63.29,1991
Belarus,1990,1,66.9,1990
Belgium,2018,1,93.63,2018
Belgium,2017,1,92.93,2017
Belgium,2016,1,94.48,2016
Belgium,2015,1,92.84,2015
Belgium,2014,1,87.8,2014
Belgium,2013,1,94.25,2013
Belgium,2012,1,92.6,2012
Belgium,2011,1,93.21,2011
Belgium,2010,1,103.46,2010
Belgium,2009,1,96.65,2009
Belgium,2008,1,103.92,2008
Belgium,2007,1,101.57,2007
Belgium,2006,1,105.63,2006
Belgium,2005,1,107.6,2005
Belgium,2004,1,111.01,2004
Belgium,2003,1,112.49,2003
Belgium,2002,1,107.84,2002
Belgium,2001,1,115.34,2001
Belgium,2000,1,113.27,2000
Belgium,1999,1,111.59,1999
Belgium,1998,1,115.49,1998
Belgium,1997,1,112.72,1997
Belgium,1996,1,115.53,1996
Belgium,1995,1,110.65,1995
Belgium,1994,1,110.99,1994
Belgium,1993,1,106.19,1993
Belgium,1992,1,108.42,1992
Belgium,1991,1,110.05,1991
Belgium,1990,1,105.4,1990
Brazil,2018,1,812.02,2018
Brazil,2017,1,834.14,2017
Brazil,2016,1,826.21,2016
Brazil,2015,1,741.96,2015
Brazil,2014,1,768.77,2014
Brazil,2013,1,744.85,2013
Brazil,2012,1,713.75,2012
Brazil,2011,1,679.1,2011
Brazil,2010,1,1498.84,2010
Brazil,2009,1,1451.95,2009
Brazil,2008,1,1473.28,2008
Brazil,2007,1,1452.63,2007
Brazil,2006,1,1435.1,2006
Brazil,2005,1,1431.63,2005
Brazil,2004,1,1427.88,2004
Brazil,2003,1,1410.4,2003
Brazil,2002,1,1418.33,2002
Brazil,2001,1,1420.6,2001
Brazil,2000,1,1351.16,2000
Brazil,1999,1,1339.1,1999
Brazil,1998,1,1329.24,1998
Brazil,1997,1,1319.99,1997
Brazil,1996,1,1301.37,1996
Brazil,1995,1,1279.97,1995
Brazil,1994,1,1261.19,1994
Brazil,1993,1,1253.64,1993
Brazil,1992,1,1247.13,1992
Brazil,1991,1,1243.65,1991
Brazil,1990,1,1236.73,1990
Cambodia,2018,1,40.16,2018
Cambodia,2017,1,40.38,2017
Cambodia,2016,1,38.9,2016
Cambodia,2015,1,73.51,2015
Cambodia,2014,1,71.55,2014
Cambodia,2013,1,70.5,2013
Cambodia,2012,1,70.35,2012
Cambodia,2011,1,70.11,2011
Cambodia,2010,1,8.5,2010
Cambodia,2009,1,8.3,2009
Cambodia,2008,1,7.52,2008
Cambodia,2007,1,7.18,2007
Cambodia,2006,1,6.52,2006
Cambodia,2005,1,6.21,2005
Cambodia,2004,1,5.95,2004
Cambodia,2003,1,5.95,2003
Cambodia,2002,1,5.78,2002
Cambodia,2001,1,5.73,2001
Cambodia,2000,1,6.13,2000
Cambodia,1999,1,6.08,1999
Cambodia,1998,1,6.11,1998
Cambodia,1997,1,5.87,1997
Cambodia,1996,1,5.78,1996
Cambodia,1995,1,5.68,1995
Cambodia,1994,1,5.64,1994
Cambodia,1993,1,5.55,1993
Cambodia,1992,1,5.52,1992
Cambodia,1991,1,5.47,1991
Cambodia,1990,1,5.43,1990
Canada,2018,1,609.67,2018
Canada,2017,1,597.4,2017
Canada,2016,1,585.58,2016
Canada,2015,1,693.99,2015
Canada,2014,1,697.02,2014
Canada,2013,1,691.53,2013
Canada,2012,1,682.31,2012
Canada,2011,1,682.88,2011
Canada,2010,1,836.28,2010
Canada,2009,1,822.04,2009
Canada,2008,1,851.45,2008
Canada,2007,1,872.59,2007
Canada,2006,1,842.42,2006
Canada,2005,1,851.37,2005
Canada,2004,1,838.71,2004
Canada,2003,1,846.79,2003
Canada,2002,1,826.9,2002
Canada,2001,1,808.34,2001
Canada,2000,1,580.65,2000
Canada,1999,1,560.63,1999
Canada,1998,1,552.1,1998
Canada,1997,1,543.72,1997
Canada,1996,1,528.32,1996
Canada,1995,1,514.62,1995
Canada,1994,1,503.69,1994
Canada,1993,1,487.56,1993
Canada,1992,1,490.88,1992
Canada,1991,1,477.81,1991
Canada,1990,1,483.99,1990
Chile,2018,1,28.75,2018
Chile,2017,1,29.17,2017
Chile,2016,1,28.29,2016
Chile,2015,1,0.62,2015
Chile,2014,1,-4.97,2014
Chile,2013,1,1.59,2013
Chile,2012,1,-2.86,2012
Chile,2011,1,-4.88,2011
Chile,2010,1,33.63,2010
Chile,2009,1,29.28,2009
Chile,2008,1,32.16,2008
Chile,2007,1,28.66,2007
Chile,2006,1,20.96,2006
Chile,2005,1,19.63,2005
Chile,2004,1,18.64,2004
Chile,2003,1,13.83,2003
Chile,2002,1,12.6,2002
Chile,2001,1,11.78,2001
Chile,2000,1,32.46,2000
Chile,1999,1,36.41,1999
Chile,1998,1,34.04,1998
Chile,1997,1,33.19,1997
Chile,1996,1,26.69,1996
Chile,1995,1,20.89,1995
Chile,1994,1,18.01,1994
Chile,1993,1,14.94,1993
Chile,1992,1,14.12,1992
Chile,1991,1,12.19,1991
Chile,1990,1,13.05,1990
China,2018,1,9663.36,2018
China,2017,1,9367.67,2017
China,2016,1,9164.21,2016
China,2015,1,9120.27,2015
China,2014,1,9184.77,2014
China,2013,1,9226.51,2013
China,2012,1,8823.05,2012
China,2011,1,8568.09,2011
China,2010,1,8138.34,2010
China,2009,1,7382.89,2009
China,2008,1,6862.78,2008
China,2007,1,6655.98,2007
China,2006,1,6099.67,2006
China,2005,1,5486.88,2005
China,2004,1,4789.59,2004
China,2003,1,4081.05,2003
China,2002,1,3476.08,2002
China,2001,1,3194.5,2001
China,2000,1,2994.73,2000
China,1999,1,2799.84,1999
China,1998,1,2882.75,1998
China,1997,1,2779.27,1997
China,1996,1,2715.5,1996
China,1995,1,2735.48,1995
China,1994,1,2414.5,1994
China,1993,1,2294.12,1993
China,1992,1,2068.77,1992
China,1991,1,1952.78,1991
China,1990,1,1823.96,1990
Colombia,2018,1,162.46,2018
Colombia,2017,1,159.03,2017
Colombia,2016,1,166.72,2016
Colombia,2015,1,137.53,2015
Colombia,2014,1,136.32,2014
Colombia,2013,1,134.29,2013
Colombia,2012,1,126.78,2012
Colombia,2011,1,126.41,2011
Colombia,2010,1,145.22,2010
Colombia,2009,1,143.48,2009
Colombia,2008,1,140.52,2008
Colombia,2007,1,139.7,2007
Colombia,2006,1,138.22,2006
Colombia,2005,1,138.41,2005
Colombia,2004,1,136.72,2004
Colombia,2003,1,136.47,2003
Colombia,2002,1,136.86,2002
Colombia,2001,1,138.97,2001
Colombia,2000,1,150.83,2000
Colombia,1999,1,148.44,1999
Colombia,1998,1,156.64,1998
Colombia,1997,1,156.12,1997
Colombia,1996,1,151.38,1996
Colombia,1995,1,151.59,1995
Colombia,1994,1,148.92,1994
Colombia,1993,1,148.27,1993
Colombia,1992,1,145.7,1992
Colombia,1991,1,143.07,1991
Colombia,1990,1,141.35,1990
Costa Rica,2018,1,0.95,2018
Costa Rica,2017,1,0.88,2017
Costa Rica,2016,1,0.79,2016
Costa Rica,2015,1,0.25,2015
Costa Rica,2014,1,0.54,2014
Costa Rica,2013,1,0.51,2013
Costa Rica,2012,1,0.18,2012
Costa Rica,2011,1,0.16,2011
Costa Rica,2010,1,6.65,2010
Costa Rica,2009,1,6.74,2009
Costa Rica,2008,1,7.06,2008
Costa Rica,2007,1,7.14,2007
Costa Rica,2006,1,6.09,2006
Costa Rica,2005,1,5.81,2005
Costa Rica,2004,1,5.48,2004
Costa Rica,2003,1,5.34,2003
Costa Rica,2002,1,5.07,2002
Costa Rica,2001,1,4.97,2001
Costa Rica,2000,1,7.41,2000
Costa Rica,1999,1,7.5,1999
Costa Rica,1998,1,7.48,1998
Costa Rica,1997,1,6.96,1997
Costa Rica,1996,1,6.99,1996
Costa Rica,1995,1,7.28,1995
Costa Rica,1994,1,7.32,1994
Costa Rica,1993,1,6.65,1993
Costa Rica,1992,1,6.61,1992
Costa Rica,1991,1,5.53,1991
Costa Rica,1990,1,5.33,1990
Denmark,2018,1,34.23,2018
Denmark,2017,1,34.19,2017
Denmark,2016,1,36.23,2016
Denmark,2015,1,31.65,2015
Denmark,2014,1,33.81,2014
Denmark,2013,1,38.03,2013
Denmark,2012,1,36.25,2012
Denmark,2011,1,41.14,2011
Denmark,2010,1,48.16,2010
Denmark,2009,1,47.87,2009
Denmark,2008,1,50.1,2008
Denmark,2007,1,53.38,2007
Denmark,2006,1,58.19,2006
Denmark,2005,1,50.25,2005
Denmark,2004,1,53.87,2004
Denmark,2003,1,59.33,2003
Denmark,2002,1,53.96,2002
Denmark,2001,1,53.84,2001
Denmark,2000,1,53.04,2000
Denmark,1999,1,57.29,1999
Denmark,1998,1,60.08,1998
Denmark,1997,1,64.06,1997
Denmark,1996,1,73.65,1996
Denmark,1995,1,60.26,1995
Denmark,1994,1,63.53,1994
Denmark,1993,1,59.63,1993
Denmark,1992,1,57.35,1992
Denmark,1991,1,63.07,1991
Denmark,1990,1,52.43,1990
Egypt,2018,1,246.45,2018
Egypt,2017,1,238.87,2017
Egypt,2016,1,234.14,2016
Egypt,2015,1,226.86,2015
Egypt,2014,1,217.56,2014
Egypt,2013,1,211.34,2013
Egypt,2012,1,213.32,2012
Egypt,2011,1,202.53,2011
Egypt,2010,1,196.33,2010
Egypt,2009,1,195.32,2009
Egypt,2008,1,188.94,2008
Egypt,2007,1,182.06,2007
Egypt,2006,1,168.96,2006
Egypt,2005,1,160.42,2005
Egypt,2004,1,142.52,2004
Egypt,2003,1,131.07,2003
Egypt,2002,1,127.57,2002
Egypt,2001,1,124.84,2001
Egypt,2000,1,112.45,2000
Egypt,1999,1,114.26,1999
Egypt,1998,1,108.86,1998
Egypt,1997,1,103.55,1997
Egypt,1996,1,96.36,1996
Egypt,1995,1,91.46,1995
Egypt,1994,1,86.03,1994
Egypt,1993,1,91.43,1993
Egypt,1992,1,91.89,1992
Egypt,1991,1,88.98,1991
Egypt,1990,1,86.41,1990
El Salvador,2018,1,7.89,2018
El Salvador,2017,1,7.46,2017
El Salvador,2016,1,8.25,2016
El Salvador,2015,1,8.08,2015
El Salvador,2014,1,7.67,2014
El Salvador,2013,1,7.54,2013
El Salvador,2012,1,7.85,2012
El Salvador,2011,1,7.86,2011
El Salvador,2010,1,7.62,2010
El Salvador,2009,1,7.76,2009
El Salvador,2008,1,7.99,2008
El Salvador,2007,1,8.71,2007
El Salvador,2006,1,8.32,2006
El Salvador,2005,1,7.92,2005
El Salvador,2004,1,7.76,2004
El Salvador,2003,1,7.59,2003
El Salvador,2002,1,7.02,2002
El Salvador,2001,1,6.95,2001
El Salvador,2000,1,6.71,2000
El Salvador,1999,1,6.69,1999
El Salvador,1998,1,6.75,1998
El Salvador,1997,1,6.4,1997
El Salvador,1996,1,5.47,1996
El Salvador,1995,1,6.04,1995
El Salvador,1994,1,5.54,1994
El Salvador,1993,1,5,1993
El Salvador,1992,1,4.44,1992
El Salvador,1991,1,4.15,1991
El Salvador,1990,1,3.46,1990
Fiji,2018,1,-0.65,2018
Fiji,2017,1,-0.73,2017
Fiji,2016,1,-0.81,2016
Fiji,2015,1,-1.03,2015
Fiji,2014,1,-1.24,2014
Fiji,2013,1,-1.42,2013
Fiji,2012,1,-1.52,2012
Fiji,2011,1,-1.44,2011
Fiji,2010,1,-1.39,2010
Fiji,2009,1,-1.58,2009
Fiji,2008,1,-1.59,2008
Fiji,2007,1,-1.28,2007
Fiji,2006,1,-1.18,2006
Fiji,2005,1,-1.27,2005
Fiji,2004,1,-1.08,2004
Fiji,2003,1,-1.46,2003
Fiji,2002,1,-1.62,2002
Fiji,2001,1,-1.47,2001
Fiji,2000,1,-1.69,2000
Fiji,1999,1,-1.74,1999
Fiji,1998,1,-1.76,1998
Fiji,1997,1,-1.74,1997
Fiji,1996,1,-1.72,1996
Fiji,1995,1,-1.78,1995
Fiji,1994,1,-1.79,1994
Fiji,1993,1,-1.79,1993
Fiji,1992,1,-1.78,1992
Fiji,1991,1,-1.81,1991
Fiji,1990,1,-1.81,1990
Finland,2018,1,51.3,2018
Finland,2017,1,49.7,2017
Finland,2016,1,52.33,2016
Finland,2015,1,-11.81,2015
Finland,2014,1,-8.47,2014
Finland,2013,1,-4.46,2013
Finland,2012,1,-5.25,2012
Finland,2011,1,0.44,2011
Finland,2010,1,47.7,2010
Finland,2009,1,39.31,2009
Finland,2008,1,41.74,2008
Finland,2007,1,50.15,2007
Finland,2006,1,52.06,2006
Finland,2005,1,40.47,2005
Finland,2004,1,52.66,2004
Finland,2003,1,56.53,2003
Finland,2002,1,48.21,2002
Finland,2001,1,45.79,2001
Finland,2000,1,24.44,2000
Finland,1999,1,25.64,1999
Finland,1998,1,26.22,1998
Finland,1997,1,29.53,1997
Finland,1996,1,31.47,1996
Finland,1995,1,24.98,1995
Finland,1994,1,28.8,1994
Finland,1993,1,22.34,1993
Finland,1992,1,21.15,1992
Finland,1991,1,24.01,1991
Finland,1990,1,23.44,1990
France,2018,1,247.98,2018
France,2017,1,254.37,2017
France,2016,1,250.72,2016
France,2015,1,249.42,2015
France,2014,1,243.42,2014
France,2013,1,275.53,2013
France,2012,1,275.23,2012
France,2011,1,272.44,2011
France,2010,1,281.45,2010
France,2009,1,277.4,2009
France,2008,1,291.73,2008
France,2007,1,296.43,2007
France,2006,1,305.12,2006
France,2005,1,314.34,2005
France,2004,1,311.47,2004
France,2003,1,310.45,2003
France,2002,1,304.82,2002
France,2001,1,310.56,2001
France,2000,1,348.31,2000
France,1999,1,350.09,1999
France,1998,1,356.3,1998
France,1997,1,334.26,1997
France,1996,1,343.1,1996
France,1995,1,327.43,1995
France,1994,1,319.62,1994
France,1993,1,324.68,1993
France,1992,1,343.81,1992
France,1991,1,355.84,1991
France,1990,1,331.69,1990
Germany,2018,1,680.06,2018
Germany,2017,1,702.73,2017
Germany,2016,1,717.68,2016
Germany,2015,1,713.08,2015
Germany,2014,1,708.25,2014
Germany,2013,1,748.42,2013
Germany,2012,1,730.81,2012
Germany,2011,1,717.17,2011
Germany,2010,1,754.58,2010
Germany,2009,1,716.32,2009
Germany,2008,1,771.22,2008
Germany,2007,1,765.28,2007
Germany,2006,1,795.83,2006
Germany,2005,1,783.85,2005
Germany,2004,1,802.5,2004
Germany,2003,1,818.31,2003
Germany,2002,1,815.01,2002
Germany,2001,1,829.38,2001
Germany,2000,1,778.97,2000
Germany,1999,1,782.33,1999
Germany,1998,1,812.12,1998
Germany,1997,1,819.93,1997
Germany,1996,1,851.78,1996
Germany,1995,1,822.15,1995
Germany,1994,1,824.87,1994
Germany,1993,1,836.08,1993
Germany,1992,1,841.83,1992
Germany,1991,1,881.44,1991
Germany,1990,1,904.38,1990
Greece,2018,1,66.68,2018
Greece,2017,1,68.19,2017
Greece,2016,1,68.25,2016
Greece,2015,1,69.41,2015
Greece,2014,1,70.95,2014
Greece,2013,1,73.89,2013
Greece,2012,1,81.49,2012
Greece,2011,1,85.95,2011
Greece,2010,1,86.49,2010
Greece,2009,1,93.65,2009
Greece,2008,1,99.32,2008
Greece,2007,1,103.23,2007
Greece,2006,1,99.62,2006
Greece,2005,1,100.86,2005
Greece,2004,1,98.76,2004
Greece,2003,1,99.14,2003
Greece,2002,1,95.52,2002
Greece,2001,1,95.53,2001
Greece,2000,1,93.53,2000
Greece,1999,1,86.47,1999
Greece,1998,1,86.2,1998
Greece,1997,1,82.84,1997
Greece,1996,1,81.83,1996
Greece,1995,1,81.91,1995
Greece,1994,1,78.81,1994
Greece,1993,1,77.17,1993
Greece,1992,1,77.25,1992
Greece,1991,1,74.89,1991
Greece,1990,1,74.69,1990
Hungary,2018,1,48.28,2018
Hungary,2017,1,48.45,2017
Hungary,2016,1,46.39,2016
Hungary,2015,1,44.72,2015
Hungary,2014,1,41.96,2014
Hungary,2013,1,42.1,2013
Hungary,2012,1,44.77,2012
Hungary,2011,1,48.25,2011
Hungary,2010,1,50.15,2010
Hungary,2009,1,50.11,2009
Hungary,2008,1,55.29,2008
Hungary,2007,1,56.13,2007
Hungary,2006,1,57.73,2006
Hungary,2005,1,58.23,2005
Hungary,2004,1,58.66,2004
Hungary,2003,1,60.56,2003
Hungary,2002,1,58,2002
Hungary,2001,1,58.7,2001
Hungary,2000,1,56.26,2000
Hungary,1999,1,59.53,1999
Hungary,1998,1,58.98,1998
Hungary,1997,1,58.62,1997
Hungary,1996,1,60.1,1996
Hungary,1995,1,59.07,1995
Hungary,1994,1,59.41,1994
Hungary,1993,1,60.01,1993
Hungary,1992,1,59.63,1992
Hungary,1991,1,66.18,1991
Hungary,1990,1,69.04,1990
Iceland,2018,1,2.11,2018
Iceland,2017,1,2.09,2017
Iceland,2016,1,1.98,2016
Iceland,2015,1,1.98,2015
Iceland,2014,1,1.97,2014
Iceland,2013,1,1.95,2013
Iceland,2012,1,1.78,2012
Iceland,2011,1,1.81,2011
Iceland,2010,1,1.93,2010
Iceland,2009,1,2.08,2009
Iceland,2008,1,2.16,2008
Iceland,2007,1,2.36,2007
Iceland,2006,1,2.31,2006
Iceland,2005,1,2.26,2005
Iceland,2004,1,2.29,2004
Iceland,2003,1,2.2,2003
Iceland,2002,1,2.22,2002
Iceland,2001,1,2.14,2001
Iceland,2000,1,2.24,2000
Iceland,1999,1,2.13,1999
Iceland,1998,1,2.17,1998
Iceland,1997,1,2.17,1997
Iceland,1996,1,2.28,1996
Iceland,1995,1,2.02,1995
Iceland,1994,1,2.11,1994
Iceland,1993,1,2,1993
Iceland,1992,1,1.96,1992
Iceland,1991,1,1.93,1991
Iceland,1990,1,1.96,1990
India,2018,1,2400.25,2018
India,2017,1,2267.16,2017
India,2016,1,2149.01,2016
India,2015,1,2085.38,2015
India,2014,1,2072.03,2014
India,2013,1,1901.98,2013
India,2012,1,1843.74,2012
India,2011,1,1695.97,2011
India,2010,1,1670.29,2010
India,2009,1,1573.51,2009
India,2008,1,1428.85,2008
India,2007,1,1341.07,2007
India,2006,1,1219.23,2006
India,2005,1,1142.71,2005
India,2004,1,1092.16,2004
India,2003,1,1020.87,2003
India,2002,1,992.51,2002
India,2001,1,958.86,2001
India,2000,1,719.07,2000
India,1999,1,683,1999
India,1998,1,618.73,1998
India,1997,1,600.38,1997
India,1996,1,555.6,1996
India,1995,1,519.98,1995
India,1994,1,466.79,1994
India,1993,1,431.31,1993
India,1992,1,409.09,1992
India,1991,1,386.17,1991
India,1990,1,341.32,1990
Indonesia,2018,1,1269.55,2018
Indonesia,2017,1,1081.11,2017
Indonesia,2016,1,1068.1,2016
Indonesia,2015,1,1574.76,2015
Indonesia,2014,1,1539.23,2014
Indonesia,2013,1,1250.27,2013
Indonesia,2012,1,1303.87,2012
Indonesia,2011,1,1285.69,2011
Indonesia,2010,1,773.92,2010
Indonesia,2009,1,1036.71,2009
Indonesia,2008,1,731.76,2008
Indonesia,2007,1,738.57,2007
Indonesia,2006,1,1152.83,2006
Indonesia,2005,1,829.93,2005
Indonesia,2004,1,1031.49,2004
Indonesia,2003,1,761.93,2003
Indonesia,2002,1,1001.39,2002
Indonesia,2001,1,631.16,2001
Indonesia,2000,1,795.62,2000
Indonesia,1999,1,849.42,1999
Indonesia,1998,1,907.96,1998
Indonesia,1997,1,1484.56,1997
Indonesia,1996,1,772.38,1996
Indonesia,1995,1,909.21,1995
Indonesia,1994,1,881.31,1994
Indonesia,1993,1,869.88,1993
Indonesia,1992,1,855.3,1992
Indonesia,1991,1,846.23,1991
Indonesia,1990,1,832.39,1990
Iraq,2018,1,188.64,2018
Iraq,2017,1,174.79,2017
Iraq,2016,1,172.84,2016
Iraq,2015,1,162.27,2015
Iraq,2014,1,168.92,2014
Iraq,2013,1,162.63,2013
Iraq,2012,1,151.94,2012
Iraq,2011,1,131.12,2011
Iraq,2010,1,120.18,2010
Iraq,2009,1,107.46,2009
Iraq,2008,1,85.99,2008
Iraq,2007,1,77.42,2007
Iraq,2006,1,83.84,2006
Iraq,2005,1,88.17,2005
Iraq,2004,1,75.24,2004
Iraq,2003,1,72.03,2003
Iraq,2002,1,79.36,2002
Iraq,2001,1,84.25,2001
Iraq,2000,1,74.44,2000
Iraq,1999,1,64.47,1999
Iraq,1998,1,81.32,1998
Iraq,1997,1,115.65,1997
Iraq,1996,1,98.08,1996
Iraq,1995,1,95.97,1995
Iraq,1994,1,99.59,1994
Iraq,1993,1,88.63,1993
Iraq,1992,1,67.26,1992
Iraq,1991,1,46.63,1991
Iraq,1990,1,64.71,1990
Ireland,2018,1,34.32,2018
Ireland,2017,1,34.74,2017
Ireland,2016,1,35.91,2016
Ireland,2015,1,34.75,2015
Ireland,2014,1,33.3,2014
Ireland,2013,1,33.47,2013
Ireland,2012,1,34.85,2012
Ireland,2011,1,34.11,2011
Ireland,2010,1,38.5,2010
Ireland,2009,1,38.89,2009
Ireland,2008,1,44.22,2008
Ireland,2007,1,44.89,2007
Ireland,2006,1,45.68,2006
Ireland,2005,1,44.65,2005
Ireland,2004,1,42.73,2004
Ireland,2003,1,42.09,2003
Ireland,2002,1,41.92,2002
Ireland,2001,1,42.79,2001
Ireland,2000,1,40.15,2000
Ireland,1999,1,37.81,1999
Ireland,1998,1,36.2,1998
Ireland,1997,1,33.68,1997
Ireland,1996,1,32.51,1996
Ireland,1995,1,31.05,1995
Ireland,1994,1,30.45,1994
Ireland,1993,1,29.26,1993
Ireland,1992,1,29.13,1992
Ireland,1991,1,29.05,1991
Ireland,1990,1,28.53,1990
Israel,2018,1,62.05,2018
Israel,2017,1,66.12,2017
Israel,2016,1,65.34,2016
Israel,2015,1,66.09,2015
Israel,2014,1,64.67,2014
Israel,2013,1,66.95,2013
Israel,2012,1,76.01,2012
Israel,2011,1,69.77,2011
Israel,2010,1,70.51,2010
Israel,2009,1,65.71,2009
Israel,2008,1,66.7,2008
Israel,2007,1,66.58,2007
Israel,2006,1,64.32,2006
Israel,2005,1,60.98,2005
Israel,2004,1,63.15,2004
Israel,2003,1,62.88,2003
Israel,2002,1,61.07,2002
Israel,2001,1,57.94,2001
Israel,2000,1,56.97,2000
Israel,1999,1,52.96,1999
Israel,1998,1,51.48,1998
Israel,1997,1,50.94,1997
Israel,1996,1,48.71,1996
Israel,1995,1,46.75,1995
Israel,1994,1,43.34,1994
Israel,1993,1,40.48,1993
Israel,1992,1,36.83,1992
Israel,1991,1,34.5,1991
Israel,1990,1,33.78,1990
Italy,2018,1,312.03,2018
Italy,2017,1,316.37,2017
Italy,2016,1,320.52,2016
Italy,2015,1,303.19,2015
Italy,2014,1,292.83,2014
Italy,2013,1,311.79,2013
Italy,2012,1,342.08,2012
Italy,2011,1,362.02,2011
Italy,2010,1,370.56,2010
Italy,2009,1,362.34,2009
Italy,2008,1,410.27,2008
Italy,2007,1,424.66,2007
Italy,2006,1,431.94,2006
Italy,2005,1,439.12,2005
Italy,2004,1,437.69,2004
Italy,2003,1,427.49,2003
Italy,2002,1,408.76,2002
Italy,2001,1,401.86,2001
Italy,2000,1,401.78,2000
Italy,1999,1,398.49,1999
Italy,1998,1,391.85,1998
Italy,1997,1,381,1997
Italy,1996,1,377.63,1996
Italy,1995,1,381.89,1995
Italy,1994,1,357.76,1994
Italy,1993,1,362.41,1993
Italy,1992,1,367.75,1992
Italy,1991,1,369.55,1991
Italy,1990,1,370.74,1990
Japan,2018,1,1074.08,2018
Japan,2017,1,1119.86,2017
Japan,2016,1,1139.33,2016
Japan,2015,1,1131.74,2015
Japan,2014,1,1170.11,2014
Japan,2013,1,1211.27,2013
Japan,2012,1,1202.66,2012
Japan,2011,1,1162.67,2011
Japan,2010,1,1057.96,2010
Japan,2009,1,1003.19,2009
Japan,2008,1,1061.73,2008
Japan,2007,1,1128.57,2007
Japan,2006,1,1092.63,2006
Japan,2005,1,1116.25,2005
Japan,2004,1,1113.6,2004
Japan,2003,1,1118.29,2003
Japan,2002,1,1109.5,2002
Japan,2001,1,1073.16,2001
Japan,2000,1,1107.18,2000
Japan,1999,1,1090.14,1999
Japan,1998,1,1055.5,1998
Japan,1997,1,1098.26,1997
Japan,1996,1,1110.51,1996
Japan,1995,1,1097.1,1995
Japan,1994,1,1087.22,1994
Japan,1993,1,1033.99,1993
Japan,1992,1,1041.79,1992
Japan,1991,1,1029.99,1991
Japan,1990,1,1016.89,1990
Jordan,2018,1,24.7,2018
Jordan,2017,1,26.1,2017
Jordan,2016,1,24.86,2016
Jordan,2015,1,25.36,2015
Jordan,2014,1,25.59,2014
Jordan,2013,1,23.8,2013
Jordan,2012,1,24.12,2012
Jordan,2011,1,20.76,2011
Jordan,2010,1,20.2,2010
Jordan,2009,1,20.66,2009
Jordan,2008,1,20.01,2008
Jordan,2007,1,21.09,2007
Jordan,2006,1,20.17,2006
Jordan,2005,1,19.87,2005
Jordan,2004,1,18.58,2004
Jordan,2003,1,17.31,2003
Jordan,2002,1,16.87,2002
Jordan,2001,1,16.25,2001
Jordan,2000,1,16.27,2000
Jordan,1999,1,14.63,1999
Jordan,1998,1,14.61,1998
Jordan,1997,1,14.37,1997
Jordan,1996,1,13.87,1996
Jordan,1995,1,13.6,1995
Jordan,1994,1,12.99,1994
Jordan,1993,1,12.2,1993
Jordan,1992,1,11.92,1992
Jordan,1991,1,9.78,1991
Jordan,1990,1,9.93,1990
Kazakhstan,2018,1,217.46,2018
Kazakhstan,2017,1,222.57,2017
Kazakhstan,2016,1,220.04,2016
Kazakhstan,2015,1,196.78,2015
Kazakhstan,2014,1,195.37,2014
Kazakhstan,2013,1,246.48,2013
Kazakhstan,2012,1,231.63,2012
Kazakhstan,2011,1,232.33,2011
Kazakhstan,2010,1,222.05,2010
Kazakhstan,2009,1,202.7,2009
Kazakhstan,2008,1,230.49,2008
Kazakhstan,2007,1,187.59,2007
Kazakhstan,2006,1,178.69,2006
Kazakhstan,2005,1,160.96,2005
Kazakhstan,2004,1,148.7,2004
Kazakhstan,2003,1,134.78,2003
Kazakhstan,2002,1,119.94,2002
Kazakhstan,2001,1,110.36,2001
Kazakhstan,2000,1,113.85,2000
Kazakhstan,1999,1,117.43,1999
Kazakhstan,1998,1,129.49,1998
Kazakhstan,1997,1,125.99,1997
Kazakhstan,1996,1,149.08,1996
Kazakhstan,1995,1,171.65,1995
Kazakhstan,1994,1,195.24,1994
Kazakhstan,1993,1,217.53,1993
Kazakhstan,1992,1,254.83,1992
Kazakhstan,1991,1,246.71,1991
Kazakhstan,1990,1,236.74,1990
Kenya,2018,1,10.78,2018
Kenya,2017,1,11.27,2017
Kenya,2016,1,11.15,2016
Kenya,2015,1,25.38,2015
Kenya,2014,1,23.32,2014
Kenya,2013,1,22.39,2013
Kenya,2012,1,20.42,2012
Kenya,2011,1,21.33,2011
Kenya,2010,1,27.75,2010
Kenya,2009,1,26.82,2009
Kenya,2008,1,25.03,2008
Kenya,2007,1,24.48,2007
Kenya,2006,1,24.41,2006
Kenya,2005,1,23.44,2005
Kenya,2004,1,22.55,2004
Kenya,2003,1,21.64,2003
Kenya,2002,1,22.54,2002
Kenya,2001,1,22.73,2001
Kenya,2000,1,3.88,2000
Kenya,1999,1,3.13,1999
Kenya,1998,1,2.81,1998
Kenya,1997,1,2.29,1997
Kenya,1996,1,2.62,1996
Kenya,1995,1,2.02,1995
Kenya,1994,1,1.51,1994
Kenya,1993,1,1.51,1993
Kenya,1992,1,1.6,1992
Kenya,1991,1,1.54,1991
Kenya,1990,1,1.78,1990
Lebanon,2018,1,27.63,2018
Lebanon,2017,1,29.2,2017
Lebanon,2016,1,27.73,2016
Lebanon,2015,1,26.97,2015
Lebanon,2014,1,24.86,2014
Lebanon,2013,1,23.17,2013
Lebanon,2012,1,23.41,2012
Lebanon,2011,1,21.1,2011
Lebanon,2010,1,20.89,2010
Lebanon,2009,1,21.92,2009
Lebanon,2008,1,18.67,2008
Lebanon,2007,1,15.06,2007
Lebanon,2006,1,16.24,2006
Lebanon,2005,1,17.29,2005
Lebanon,2004,1,17.89,2004
Lebanon,2003,1,17.42,2003
Lebanon,2002,1,16.84,2002
Lebanon,2001,1,16.9,2001
Lebanon,2000,1,15.69,2000
Lebanon,1999,1,17.05,1999
Lebanon,1998,1,16.27,1998
Lebanon,1997,1,16.14,1997
Lebanon,1996,1,14.14,1996
Lebanon,1995,1,13.32,1995
Lebanon,1994,1,11.29,1994
Lebanon,1993,1,10.34,1993
Lebanon,1992,1,7.03,1992
Lebanon,1991,1,7.05,1991
Lebanon,1990,1,5.63,1990
Malaysia,2018,1,319.59,2018
Malaysia,2017,1,298.1,2017
Malaysia,2016,1,310.17,2016
Malaysia,2015,1,124.54,2015
Malaysia,2014,1,135.37,2014
Malaysia,2013,1,109.59,2013
Malaysia,2012,1,91.92,2012
Malaysia,2011,1,92.13,2011
Malaysia,2010,1,316.2,2010
Malaysia,2009,1,303.97,2009
Malaysia,2008,1,309.7,2008
Malaysia,2007,1,298.83,2007
Malaysia,2006,1,277.26,2006
Malaysia,2005,1,279.59,2005
Malaysia,2004,1,268.09,2004
Malaysia,2003,1,247.43,2003
Malaysia,2002,1,240.01,2002
Malaysia,2001,1,224.83,2001
Malaysia,2000,1,233.1,2000
Malaysia,1999,1,222.59,1999
Malaysia,1998,1,233.95,1998
Malaysia,1997,1,214.34,1997
Malaysia,1996,1,206.21,1996
Malaysia,1995,1,197.88,1995
Malaysia,1994,1,191.2,1994
Malaysia,1993,1,185.4,1993
Malaysia,1992,1,183.09,1992
Malaysia,1991,1,177.54,1991
Malaysia,1990,1,170.4,1990
Mexico,2018,1,486.58,2018
Mexico,2017,1,486.25,2017
Mexico,2016,1,493.7,2016
Mexico,2015,1,486.44,2015
Mexico,2014,1,472.17,2014
Mexico,2013,1,483.71,2013
Mexico,2012,1,494.56,2012
Mexico,2011,1,494.81,2011
Mexico,2010,1,402.21,2010
Mexico,2009,1,395.03,2009
Mexico,2008,1,410.68,2008
Mexico,2007,1,395.67,2007
Mexico,2006,1,382.98,2006
Mexico,2005,1,365.66,2005
Mexico,2004,1,347.46,2004
Mexico,2003,1,340.27,2003
Mexico,2002,1,322.01,2002
Mexico,2001,1,316.03,2001
Mexico,2000,1,406.79,2000
Mexico,1999,1,382.78,1999
Mexico,1998,1,395.43,1998
Mexico,1997,1,371.54,1997
Mexico,1996,1,348.39,1996
Mexico,1995,1,328.84,1995
Mexico,1994,1,348.29,1994
Mexico,1993,1,323.14,1993
Mexico,1992,1,312.07,1992
Mexico,1991,1,308.41,1991
Mexico,1990,1,290.01,1990
Morocco,2018,1,64.74,2018
Morocco,2017,1,63.99,2017
Morocco,2016,1,61.14,2016
Morocco,2015,1,61.71,2015
Morocco,2014,1,59.72,2014
Morocco,2013,1,58.28,2013
Morocco,2012,1,58.71,2012
Morocco,2011,1,56.35,2011
Morocco,2010,1,49.14,2010
Morocco,2009,1,46.02,2009
Morocco,2008,1,45.66,2008
Morocco,2007,1,43.21,2007
Morocco,2006,1,41.66,2006
Morocco,2005,1,39.96,2005
Morocco,2004,1,37.64,2004
Morocco,2003,1,33.69,2003
Morocco,2002,1,33.75,2002
Morocco,2001,1,32.4,2001
Morocco,2000,1,28.39,2000
Morocco,1999,1,27.7,1999
Morocco,1998,1,26.15,1998
Morocco,1997,1,25.43,1997
Morocco,1996,1,23.99,1996
Morocco,1995,1,24.3,1995
Morocco,1994,1,23.24,1994
Morocco,1993,1,21.08,1993
Morocco,1992,1,20.37,1992
Morocco,1991,1,18.56,1991
Morocco,1990,1,16.83,1990
Myanmar,2018,1,136.92,2018
Myanmar,2017,1,133.48,2017
Myanmar,2016,1,125.78,2016
Myanmar,2015,1,128.25,2015
Myanmar,2014,1,124.63,2014
Myanmar,2013,1,121.56,2013
Myanmar,2012,1,118.38,2012
Myanmar,2011,1,114.79,2011
Myanmar,2010,1,134.15,2010
Myanmar,2009,1,132.1,2009
Myanmar,2008,1,130.98,2008
Myanmar,2007,1,135.08,2007
Myanmar,2006,1,135.2,2006
Myanmar,2005,1,134.24,2005
Myanmar,2004,1,136.38,2004
Myanmar,2003,1,134.72,2003
Myanmar,2002,1,131.21,2002
Myanmar,2001,1,131.84,2001
Myanmar,2000,1,150.72,2000
Myanmar,1999,1,150.15,1999
Myanmar,1998,1,149.01,1998
Myanmar,1997,1,147.66,1997
Myanmar,1996,1,148.08,1996
Myanmar,1995,1,148.94,1995
Myanmar,1994,1,147.62,1994
Myanmar,1993,1,146.79,1993
Myanmar,1992,1,146.26,1992
Myanmar,1991,1,146.1,1991
Myanmar,1990,1,146.17,1990
Netherlands,2018,1,152.52,2018
Netherlands,2017,1,157.27,2017
Netherlands,2016,1,159.64,2016
Netherlands,2015,1,159.47,2015
Netherlands,2014,1,151.26,2014
Netherlands,2013,1,158.49,2013
Netherlands,2012,1,158.89,2012
Netherlands,2011,1,160.24,2011
Netherlands,2010,1,172.28,2010
Netherlands,2009,1,161.66,2009
Netherlands,2008,1,166.5,2008
Netherlands,2007,1,165.74,2007
Netherlands,2006,1,164.82,2006
Netherlands,2005,1,169.08,2005
Netherlands,2004,1,173.27,2004
Netherlands,2003,1,171.59,2003
Netherlands,2002,1,168.66,2002
Netherlands,2001,1,168.59,2001
Netherlands,2000,1,163.75,2000
Netherlands,1999,1,163.09,1999
Netherlands,1998,1,168.37,1998
Netherlands,1997,1,167.94,1997
Netherlands,1996,1,175.38,1996
Netherlands,1995,1,165.81,1995
Netherlands,1994,1,158.9,1994
Netherlands,1993,1,159.74,1993
Netherlands,1992,1,154.74,1992
Netherlands,1991,1,155.95,1991
Netherlands,1990,1,149.83,1990
New Zealand,2018,1,21.59,2018
New Zealand,2017,1,22.31,2017
New Zealand,2016,1,20.57,2016
New Zealand,2015,1,15.47,2015
New Zealand,2014,1,15.07,2014
New Zealand,2013,1,15.03,2013
New Zealand,2012,1,15.3,2012
New Zealand,2011,1,13.64,2011
New Zealand,2010,1,8.3,2010
New Zealand,2009,1,8.49,2009
New Zealand,2008,1,11.54,2008
New Zealand,2007,1,10.57,2007
New Zealand,2006,1,11.48,2006
New Zealand,2005,1,11.43,2005
New Zealand,2004,1,10.04,2004
New Zealand,2003,1,10.62,2003
New Zealand,2002,1,8.76,2002
New Zealand,2001,1,8.9,2001
New Zealand,2000,1,3.6,2000
New Zealand,1999,1,2.82,1999
New Zealand,1998,1,1.45,1998
New Zealand,1997,1,1.93,1997
New Zealand,1996,1,-0.39,1996
New Zealand,1995,1,-1.5,1995
New Zealand,1994,1,-1.61,1994
New Zealand,1993,1,-1.98,1993
New Zealand,1992,1,-1.49,1992
New Zealand,1991,1,-3.27,1991
New Zealand,1990,1,-3.58,1990
North Korea,2018,1,21.41,2018
North Korea,2017,1,25.67,2017
North Korea,2016,1,33.38,2016
North Korea,2015,1,28.5,2015
North Korea,2014,1,34.62,2014
North Korea,2013,1,31.02,2013
North Korea,2012,1,41.7,2012
North Korea,2011,1,40.24,2011
North Korea,2010,1,53.32,2010
North Korea,2009,1,57.06,2009
North Korea,2008,1,74.53,2008
North Korea,2007,1,67.33,2007
North Korea,2006,1,80.64,2006
North Korea,2005,1,79.28,2005
North Korea,2004,1,76.02,2004
North Korea,2003,1,74.43,2003
North Korea,2002,1,72.9,2002
North Korea,2001,1,76.08,2001
North Korea,2000,1,78.18,2000
North Korea,1999,1,72.93,1999
North Korea,1998,1,67.3,1998
North Korea,1997,1,73.88,1997
North Korea,1996,1,80.36,1996
North Korea,1995,1,89.78,1995
North Korea,1994,1,95.11,1994
North Korea,1993,1,103.07,1993
North Korea,1992,1,111.05,1992
North Korea,1991,1,123.71,1991
North Korea,1990,1,129.72,1990
Norway,2018,1,18.43,2018
Norway,2017,1,17.95,2017
Norway,2016,1,18.99,2016
Norway,2015,1,19.7,2015
Norway,2014,1,19.34,2014
Norway,2013,1,19.27,2013
Norway,2012,1,20.16,2012
Norway,2011,1,21.2,2011
Norway,2010,1,19.05,2010
Norway,2009,1,14.63,2009
Norway,2008,1,14.23,2008
Norway,2007,1,15.16,2007
Norway,2006,1,14.51,2006
Norway,2005,1,13.52,2005
Norway,2004,1,14.6,2004
Norway,2003,1,14.25,2003
Norway,2002,1,11.6,2002
Norway,2001,1,11.91,2001
Norway,2000,1,19.02,2000
Norway,1999,1,24.3,1999
Norway,1998,1,22.47,1998
Norway,1997,1,20.75,1997
Norway,1996,1,18.99,1996
Norway,1995,1,18.05,1995
Norway,1994,1,18.63,1994
Norway,1993,1,16.98,1993
Norway,1992,1,15.4,1992
Norway,1991,1,12.21,1991
Norway,1990,1,14.15,1990
Oman,2018,1,73.39,2018
Oman,2017,1,69.92,2017
Oman,2016,1,69.56,2016
Oman,2015,1,68.3,2015
Oman,2014,1,64.47,2014
Oman,2013,1,60.99,2013
Oman,2012,1,58.65,2012
Oman,2011,1,52.38,2011
Oman,2010,1,46.47,2010
Oman,2009,1,42.73,2009
Oman,2008,1,40.08,2008
Oman,2007,1,41.03,2007
Oman,2006,1,37.52,2006
Oman,2005,1,27.87,2005
Oman,2004,1,27.52,2004
Oman,2003,1,27.67,2003
Oman,2002,1,26.94,2002
Oman,2001,1,25.28,2001
Oman,2000,1,22.54,2000
Oman,1999,1,20.43,1999
Oman,1998,1,17.28,1998
Oman,1997,1,17.24,1997
Oman,1996,1,15.82,1996
Oman,1995,1,15.6,1995
Oman,1994,1,13.81,1994
Oman,1993,1,14.08,1993
Oman,1992,1,14.9,1992
Oman,1991,1,16.1,1991
Oman,1990,1,11.89,1990
Pakistan,2018,1,215.37,2018
Pakistan,2017,1,204.7,2017
Pakistan,2016,1,187.57,2016
Pakistan,2015,1,169.04,2015
Pakistan,2014,1,159.12,2014
Pakistan,2013,1,150.55,2013
Pakistan,2012,1,149.2,2012
Pakistan,2011,1,147.09,2011
Pakistan,2010,1,147.68,2010
Pakistan,2009,1,152.2,2009
Pakistan,2008,1,149.23,2008
Pakistan,2007,1,153.32,2007
Pakistan,2006,1,139.55,2006
Pakistan,2005,1,128.74,2005
Pakistan,2004,1,125.72,2004
Pakistan,2003,1,112.73,2003
Pakistan,2002,1,109.37,2002
Pakistan,2001,1,106.88,2001
Pakistan,2000,1,106.42,2000
Pakistan,1999,1,106.8,1999
Pakistan,1998,1,98.21,1998
Pakistan,1997,1,97.36,1997
Pakistan,1996,1,93.87,1996
Pakistan,1995,1,90.78,1995
Pakistan,1994,1,84.29,1994
Pakistan,1993,1,81.79,1993
Pakistan,1992,1,74.97,1992
Pakistan,1991,1,68.35,1991
Pakistan,1990,1,69.1,1990
Philippines,2018,1,144.7,2018
Philippines,2017,1,139.05,2017
Philippines,2016,1,127.38,2016
Philippines,2015,1,116.1,2015
Philippines,2014,1,106.84,2014
Philippines,2013,1,100.23,2013
Philippines,2012,1,90.49,2012
Philippines,2011,1,86.9,2011
Philippines,2010,1,85.95,2010
Philippines,2009,1,79.91,2009
Philippines,2008,1,79.11,2008
Philippines,2007,1,76.94,2007
Philippines,2006,1,73.19,2006
Philippines,2005,1,80.49,2005
Philippines,2004,1,78.71,2004
Philippines,2003,1,77.15,2003
Philippines,2002,1,75.33,2002
Philippines,2001,1,74.05,2001
Philippines,2000,1,75.59,2000
Philippines,1999,1,74.84,1999
Philippines,1998,1,77.33,1998
Philippines,1997,1,77.73,1997
Philippines,1996,1,69.9,1996
Philippines,1995,1,64.21,1995
Philippines,1994,1,53.9,1994
Philippines,1993,1,49.87,1993
Philippines,1992,1,46.14,1992
Philippines,1991,1,42.77,1991
Philippines,1990,1,43.25,1990
Poland,2018,1,279.83,2018
Poland,2017,1,279.92,2017
Poland,2016,1,266.86,2016
Poland,2015,1,261.94,2015
Poland,2014,1,258.63,2014
Poland,2013,1,271.24,2013
Poland,2012,1,276.27,2012
Poland,2011,1,283.51,2011
Poland,2010,1,242.12,2010
Poland,2009,1,225.64,2009
Poland,2008,1,236.73,2008
Poland,2007,1,241.79,2007
Poland,2006,1,242.51,2006
Poland,2005,1,229.77,2005
Poland,2004,1,230.24,2004
Poland,2003,1,226.19,2003
Poland,2002,1,215.84,2002
Poland,2001,1,222.2,2001
Poland,2000,1,282.27,2000
Poland,1999,1,295.56,1999
Poland,1998,1,305.04,1998
Poland,1997,1,331.29,1997
Poland,1996,1,342,1996
Poland,1995,1,326.79,1995
Poland,1994,1,326.6,1994
Poland,1993,1,330.86,1993
Poland,1992,1,330.22,1992
Poland,1991,1,338.47,1991
Poland,1990,1,337.06,1990
Qatar,2018,1,90.17,2018
Qatar,2017,1,87.68,2017
Qatar,2016,1,85.28,2016
Qatar,2015,1,83.31,2015
Qatar,2014,1,80.4,2014
Qatar,2013,1,74.6,2013
Qatar,2012,1,73.29,2012
Qatar,2011,1,65.77,2011
Qatar,2010,1,62.27,2010
Qatar,2009,1,57.17,2009
Qatar,2008,1,55.23,2008
Qatar,2007,1,51.05,2007
Qatar,2006,1,44.98,2006
Qatar,2005,1,41.28,2005
Qatar,2004,1,31.91,2004
Qatar,2003,1,28.91,2003
Qatar,2002,1,27.6,2002
Qatar,2001,1,23.49,2001
Qatar,2000,1,21.73,2000
Qatar,1999,1,22.95,1999
Qatar,1998,1,20.81,1998
Qatar,1997,1,19.45,1997
Qatar,1996,1,17.91,1996
Qatar,1995,1,17.02,1995
Qatar,1994,1,16.25,1994
Qatar,1993,1,15.49,1993
Qatar,1992,1,14.68,1992
Qatar,1991,1,14.61,1991
Qatar,1990,1,12.54,1990
Russia,2018,1,1049.05,2018
Russia,2017,1,998.24,2017
Russia,2016,1,971.87,2016
Russia,2015,1,870.02,2015
Russia,2014,1,919.33,2014
Russia,2013,1,936.52,2013
Russia,2012,1,979.37,2012
Russia,2011,1,974.12,2011
Russia,2010,1,814.11,2010
Russia,2009,1,726.06,2009
Russia,2008,1,844.09,2008
Russia,2007,1,822.52,2007
Russia,2006,1,821.2,2006
Russia,2005,1,762.04,2005
Russia,2004,1,765.36,2004
Russia,2003,1,753.44,2003
Russia,2002,1,723.05,2002
Russia,2001,1,721.85,2001
Russia,2000,1,1115.29,2000
Russia,1999,1,1081.87,1999
Russia,1998,1,1043.96,1998
Russia,1997,1,1052.5,1997
Russia,1996,1,1159.83,1996
Russia,1995,1,1190.39,1995
Russia,1994,1,1238.41,1994
Russia,1993,1,1447.33,1993
Russia,1992,1,1630.98,1992
Russia,1991,1,1766.89,1991
Russia,1990,1,1790.34,1990
Saudi Arabia,2018,1,514.6,2018
Saudi Arabia,2017,1,540.7,2017
Saudi Arabia,2016,1,556.74,2016
Saudi Arabia,2015,1,561.14,2015
Saudi Arabia,2014,1,536.81,2014
Saudi Arabia,2013,1,499.38,2013
Saudi Arabia,2012,1,488.75,2012
Saudi Arabia,2011,1,456.67,2011
Saudi Arabia,2010,1,439.23,2010
Saudi Arabia,2009,1,399.63,2009
Saudi Arabia,2008,1,382.24,2008
Saudi Arabia,2007,1,347.53,2007
Saudi Arabia,2006,1,328.35,2006
Saudi Arabia,2005,1,308.97,2005
Saudi Arabia,2004,1,294.21,2004
Saudi Arabia,2003,1,278.11,2003
Saudi Arabia,2002,1,266.91,2002
Saudi Arabia,2001,1,248.6,2001
Saudi Arabia,2000,1,244.34,2000
Saudi Arabia,1999,1,234.53,1999
Saudi Arabia,1998,1,230.41,1998
Saudi Arabia,1997,1,214.93,1997
Saudi Arabia,1996,1,234.09,1996
Saudi Arabia,1995,1,222.4,1995
Saudi Arabia,1994,1,218.79,1994
Saudi Arabia,1993,1,206.21,1993
Saudi Arabia,1992,1,199.35,1992
Saudi Arabia,1991,1,186.61,1991
Saudi Arabia,1990,1,166.39,1990
Serbia,2018,1,45.45,2018
Serbia,2017,1,46.81,2017
Serbia,2016,1,46.16,2016
Serbia,2015,1,42.32,2015
Serbia,2014,1,35.88,2014
Serbia,2013,1,43.3,2013
Serbia,2012,1,42.61,2012
Serbia,2011,1,47.97,2011
Serbia,2010,1,11.07,2010
Serbia,2009,1,11.48,2009
Serbia,2008,1,15.76,2008
Serbia,2007,1,16.99,2007
Serbia,2006,1,18.17,2006
Serbia,2005,1,15.92,2005
Serbia,2004,1,21.96,2004
Serbia,2003,1,17.51,2003
Serbia,2002,1,14.12,2002
Serbia,2001,1,10.58,2001
Serbia,2000,1,41.07,2000
Serbia,1999,1,37.87,1999
Serbia,1998,1,54.38,1998
Serbia,1997,1,54.36,1997
Serbia,1996,1,49.78,1996
Serbia,1995,1,42.42,1995
Serbia,1994,1,36.73,1994
Serbia,1993,1,40.3,1993
Serbia,1992,1,45.99,1992
Serbia,1991,1,49.29,1991
Serbia,1990,1,58.99,1990
Singapore,2018,1,47.39,2018
Singapore,2017,1,47.46,2017
Singapore,2016,1,46.19,2016
Singapore,2015,1,45.45,2015
Singapore,2014,1,44.41,2014
Singapore,2013,1,43.87,2013
Singapore,2012,1,43.64,2012
Singapore,2011,1,44.72,2011
Singapore,2010,1,42.36,2010
Singapore,2009,1,38.78,2009
Singapore,2008,1,38.37,2008
Singapore,2007,1,38.23,2007
Singapore,2006,1,37.12,2006
Singapore,2005,1,36.85,2005
Singapore,2004,1,39.56,2004
Singapore,2003,1,38.16,2003
Singapore,2002,1,41.32,2002
Singapore,2001,1,42.22,2001
Singapore,2000,1,42.53,2000
Singapore,1999,1,38.42,1999
Singapore,1998,1,37.94,1998
Singapore,1997,1,39.45,1997
Singapore,1996,1,39.81,1996
Singapore,1995,1,38.83,1995
Singapore,1994,1,39.19,1994
Singapore,1993,1,37.32,1993
Singapore,1992,1,32.13,1992
Singapore,1991,1,31.24,1991
Singapore,1990,1,29.67,1990
South Korea,2018,1,585.07,2018
South Korea,2017,1,579.56,2017
South Korea,2016,1,568.98,2016
South Korea,2015,1,556.05,2015
South Korea,2014,1,535.54,2014
South Korea,2013,1,547.18,2013
South Korea,2012,1,548.5,2012
South Korea,2011,1,546.83,2011
South Korea,2010,1,514.14,2010
South Korea,2009,1,465.27,2009
South Korea,2008,1,453.07,2008
South Korea,2007,1,441.38,2007
South Korea,2006,1,426.82,2006
South Korea,2005,1,419.96,2005
South Korea,2004,1,424.78,2004
South Korea,2003,1,404.49,2003
South Korea,2002,1,401.82,2002
South Korea,2001,1,410.4,2001
South Korea,2000,1,413.25,2000
South Korea,1999,1,358.5,1999
South Korea,1998,1,323.23,1998
South Korea,1997,1,388.04,1997
South Korea,1996,1,366.44,1996
South Korea,1995,1,341.87,1995
South Korea,1994,1,310.79,1994
South Korea,1993,1,284.2,1993
South Korea,1992,1,253.77,1992
South Korea,1991,1,231.61,1991
South Korea,1990,1,206.81,1990
Spain,2018,1,244.45,2018
Spain,2017,1,249.55,2017
Spain,2016,1,233.15,2016
Spain,2015,1,248.42,2015
Spain,2014,1,233.1,2014
Spain,2013,1,234.94,2013
Spain,2012,1,261.41,2012
Spain,2011,1,266.54,2011
Spain,2010,1,254.12,2010
Spain,2009,1,268.35,2009
Spain,2008,1,305.03,2008
Spain,2007,1,335.55,2007
Spain,2006,1,322.65,2006
Spain,2005,1,331.38,2005
Spain,2004,1,316.44,2004
Spain,2003,1,299.53,2003
Spain,2002,1,293.62,2002
Spain,2001,1,275.62,2001
Spain,2000,1,250.68,2000
Spain,1999,1,235.67,1999
Spain,1998,1,213.54,1998
Spain,1997,1,205.91,1997
Spain,1996,1,187.41,1996
Spain,1995,1,197.88,1995
Spain,1994,1,185.76,1994
Spain,1993,1,175.41,1993
Spain,1992,1,189.79,1992
Spain,1991,1,179.52,1991
Spain,1990,1,172.32,1990
Sri Lanka,2018,1,23.54,2018
Sri Lanka,2017,1,25.22,2017
Sri Lanka,2016,1,23.85,2016
Sri Lanka,2015,1,20.97,2015
Sri Lanka,2014,1,18.22,2014
Sri Lanka,2013,1,15.11,2013
Sri Lanka,2012,1,17.47,2012
Sri Lanka,2011,1,16.07,2011
Sri Lanka,2010,1,15.53,2010
Sri Lanka,2009,1,14.76,2009
Sri Lanka,2008,1,15.28,2008
Sri Lanka,2007,1,16.07,2007
Sri Lanka,2006,1,14.9,2006
Sri Lanka,2005,1,16.48,2005
Sri Lanka,2004,1,15.37,2004
Sri Lanka,2003,1,14.92,2003
Sri Lanka,2002,1,13.89,2002
Sri Lanka,2001,1,13.35,2001
Sri Lanka,2000,1,15.55,2000
Sri Lanka,1999,1,14.12,1999
Sri Lanka,1998,1,13.24,1998
Sri Lanka,1997,1,12.97,1997
Sri Lanka,1996,1,12.98,1996
Sri Lanka,1995,1,10.45,1995
Sri Lanka,1994,1,10.4,1994
Sri Lanka,1993,1,9.72,1993
Sri Lanka,1992,1,9.88,1992
Sri Lanka,1991,1,8.62,1991
Sri Lanka,1990,1,8.47,1990
Sweden,2018,1,19.68,2018
Sweden,2017,1,21.76,2017
Sweden,2016,1,22.14,2016
Sweden,2015,1,17,2015
Sweden,2014,1,16.89,2014
Sweden,2013,1,18.3,2013
Sweden,2012,1,19.9,2012
Sweden,2011,1,22.31,2011
Sweden,2010,1,37.15,2010
Sweden,2009,1,31.76,2009
Sweden,2008,1,34.94,2008
Sweden,2007,1,35.88,2007
Sweden,2006,1,37.61,2006
Sweden,2005,1,38.88,2005
Sweden,2004,1,42.17,2004
Sweden,2003,1,43.7,2003
Sweden,2002,1,42.49,2002
Sweden,2001,1,40.95,2001
Sweden,2000,1,55.31,2000
Sweden,1999,1,59.21,1999
Sweden,1998,1,60.26,1998
Sweden,1997,1,59.26,1997
Sweden,1996,1,65.52,1996
Sweden,1995,1,60.1,1995
Sweden,1994,1,60.35,1994
Sweden,1993,1,58.36,1993
Sweden,1992,1,58.61,1992
Sweden,1991,1,56.1,1991
Sweden,1990,1,55.21,1990
Switzerland,2018,1,35.23,2018
Switzerland,2017,1,36.38,2017
Switzerland,2016,1,37.37,2016
Switzerland,2015,1,36.82,2015
Switzerland,2014,1,37.51,2014
Switzerland,2013,1,41.27,2013
Switzerland,2012,1,40.26,2012
Switzerland,2011,1,38.98,2011
Switzerland,2010,1,42.85,2010
Switzerland,2009,1,41.31,2009
Switzerland,2008,1,42.6,2008
Switzerland,2007,1,41.18,2007
Switzerland,2006,1,43.12,2006
Switzerland,2005,1,43.49,2005
Switzerland,2004,1,42.93,2004
Switzerland,2003,1,42.49,2003
Switzerland,2002,1,41.23,2002
Switzerland,2001,1,42.83,2001
Switzerland,2000,1,42.24,2000
Switzerland,1999,1,43.06,1999
Switzerland,1998,1,42.78,1998
Switzerland,1997,1,41.28,1997
Switzerland,1996,1,42.54,1996
Switzerland,1995,1,41.98,1995
Switzerland,1994,1,41.13,1994
Switzerland,1993,1,41.99,1993
Switzerland,1992,1,44.25,1992
Switzerland,1991,1,44.21,1991
Switzerland,1990,1,41.87,1990
Thailand,2018,1,270.9,2018
Thailand,2017,1,273.7,2017
Thailand,2016,1,273.79,2016
Thailand,2015,1,263.34,2015
Thailand,2014,1,259.38,2014
Thailand,2013,1,262.72,2013
Thailand,2012,1,252.33,2012
Thailand,2011,1,234.88,2011
Thailand,2010,1,202.37,2010
Thailand,2009,1,187.79,2009
Thailand,2008,1,194.8,2008
Thailand,2007,1,190.63,2007
Thailand,2006,1,184.56,2006
Thailand,2005,1,182.59,2005
Thailand,2004,1,176.75,2004
Thailand,2003,1,157.31,2003
Thailand,2002,1,149.6,2002
Thailand,2001,1,138.28,2001
Thailand,2000,1,174.79,2000
Thailand,1999,1,174.18,1999
Thailand,1998,1,167.52,1998
Thailand,1997,1,188.5,1997
Thailand,1996,1,185.34,1996
Thailand,1995,1,166.83,1995
Thailand,1994,1,148.39,1994
Thailand,1993,1,134.23,1993
Thailand,1992,1,119.61,1992
Thailand,1991,1,109.85,1991
Thailand,1990,1,100.74,1990
Turkey,2018,1,384.32,2018
Turkey,2017,1,387.25,2017
Turkey,2016,1,345.94,2016
Turkey,2015,1,291.92,2015
Turkey,2014,1,280.97,2014
Turkey,2013,1,258.5,2013
Turkey,2012,1,269.21,2012
Turkey,2011,1,258.05,2011
Turkey,2010,1,254.16,2010
Turkey,2009,1,244.87,2009
Turkey,2008,1,244.24,2008
Turkey,2007,1,246.01,2007
Turkey,2006,1,218.13,2006
Turkey,2005,1,192.05,2005
Turkey,2004,1,181.64,2004
Turkey,2003,1,176.2,2003
Turkey,2002,1,165.15,2002
Turkey,2001,1,154.82,2001
Turkey,2000,1,199.67,2000
Turkey,1999,1,175.93,1999
Turkey,1998,1,176.91,1998
Turkey,1997,1,176.65,1997
Turkey,1996,1,168.5,1996
Turkey,1995,1,151.32,1995
Turkey,1994,1,136.99,1994
Turkey,1993,1,138.69,1993
Turkey,1992,1,132.88,1992
Turkey,1991,1,126.88,1991
Turkey,1990,1,122.28,1990
Ukraine,2018,1,173.18,2018
Ukraine,2017,1,162.66,2017
Ukraine,2016,1,189.1,2016
Ukraine,2015,1,176.6,2015
Ukraine,2014,1,223.34,2014
Ukraine,2013,1,254.33,2013
Ukraine,2012,1,263.01,2012
Ukraine,2011,1,269.24,2011
Ukraine,2010,1,244.87,2010
Ukraine,2009,1,227.7,2009
Ukraine,2008,1,276.79,2008
Ukraine,2007,1,287.66,2007
Ukraine,2006,1,279.54,2006
Ukraine,2005,1,270.97,2005
Ukraine,2004,1,282.73,2004
Ukraine,2003,1,305.94,2003
Ukraine,2002,1,279.72,2002
Ukraine,2001,1,276.38,2001
Ukraine,2000,1,248.7,2000
Ukraine,1999,1,257.09,1999
Ukraine,1998,1,260.74,1998
Ukraine,1997,1,279.68,1997
Ukraine,1996,1,297.56,1996
Ukraine,1995,1,350.76,1995
Ukraine,1994,1,367.14,1994
Ukraine,1993,1,450.79,1993
Ukraine,1992,1,526.12,1992
Ukraine,1991,1,603.4,1991
Ukraine,1990,1,640.09,1990
United Arab Emirates,2018,1,200.3,2018
United Arab Emirates,2017,1,208.25,2017
United Arab Emirates,2016,1,199.46,2016
United Arab Emirates,2015,1,194.04,2015
United Arab Emirates,2014,1,183.84,2014
United Arab Emirates,2013,1,184.1,2013
United Arab Emirates,2012,1,175.73,2012
United Arab Emirates,2011,1,166.32,2011
United Arab Emirates,2010,1,162.82,2010
United Arab Emirates,2009,1,157.18,2009
United Arab Emirates,2008,1,156.2,2008
United Arab Emirates,2007,1,131.69,2007
United Arab Emirates,2006,1,121.46,2006
United Arab Emirates,2005,1,116.28,2005
United Arab Emirates,2004,1,109.98,2004
United Arab Emirates,2003,1,103.53,2003
United Arab Emirates,2002,1,98.12,2002
United Arab Emirates,2001,1,96.26,2001
United Arab Emirates,2000,1,84.54,2000
United Arab Emirates,1999,1,86,1999
United Arab Emirates,1998,1,83.85,1998
United Arab Emirates,1997,1,81.45,1997
United Arab Emirates,1996,1,75.81,1996
United Arab Emirates,1995,1,72.64,1995
United Arab Emirates,1994,1,68.29,1994
United Arab Emirates,1993,1,62.15,1993
United Arab Emirates,1992,1,59.64,1992
United Arab Emirates,1991,1,61.5,1991
United Arab Emirates,1990,1,55.4,1990
United Kingdom,2018,1,347.84,2018
United Kingdom,2017,1,355.42,2017
United Kingdom,2016,1,367.93,2016
United Kingdom,2015,1,389.41,2015
United Kingdom,2014,1,403.89,2014
United Kingdom,2013,1,442.1,2013
United Kingdom,2012,1,456.12,2012
United Kingdom,2011,1,433.47,2011
United Kingdom,2010,1,470.83,2010
United Kingdom,2009,1,454.16,2009
United Kingdom,2008,1,503.46,2008
United Kingdom,2007,1,518.2,2007
United Kingdom,2006,1,530.68,2006
United Kingdom,2005,1,529.64,2005
United Kingdom,2004,1,531.36,2004
United Kingdom,2003,1,531.12,2003
United Kingdom,2002,1,519.27,2002
United Kingdom,2001,1,533.53,2001
United Kingdom,2000,1,519.16,2000
United Kingdom,1999,1,511.41,1999
United Kingdom,1998,1,514.07,1998
United Kingdom,1997,1,511.37,1997
United Kingdom,1996,1,533.7,1996
United Kingdom,1995,1,513.33,1995
United Kingdom,1994,1,524.43,1994
United Kingdom,1993,1,529.56,1993
United Kingdom,1992,1,542.02,1992
United Kingdom,1991,1,559.38,1991
United Kingdom,1990,1,545.73,1990
United States,2018,1,4749.57,2018
United States,2017,1,4581.9,2017
United States,2016,1,4656.84,2016
United States,2015,1,4563.52,2015
United States,2014,1,4683.35,2014
United States,2013,1,4670.34,2013
United States,2012,1,4531.16,2012
United States,2011,1,4753.12,2011
United States,2010,1,4990.96,2010
United States,2009,1,4757.65,2009
United States,2008,1,5161.51,2008
United States,2007,1,5338.52,2007
United States,2006,1,5254.87,2006
United States,2005,1,5354.45,2005
United States,2004,1,5338.46,2004
United States,2003,1,5258.12,2003
United States,2002,1,5192.68,2002
United States,2001,1,5347.79,2001
United States,2000,1,5357.88,2000
United States,1999,1,5191.66,1999
United States,1998,1,5172.06,1998
United States,1997,1,5129.29,1997
United States,1996,1,4864.46,1996
United States,1995,1,4708.31,1995
United States,1994,1,4654.52,1994
United States,1993,1,4581.76,1993
United States,1992,1,4461.62,1992
United States,1991,1,4389.5,1991
United States,1990,1,4426.4,1990
Vietnam,2018,1,245.36,2018
Vietnam,2017,1,209.66,2017
Vietnam,2016,1,211.7,2016
Vietnam,2015,1,186.54,2015
Vietnam,2014,1,146.44,2014
Vietnam,2013,1,132.72,2013
Vietnam,2012,1,124.61,2012
Vietnam,2011,1,126.39,2011
Vietnam,2010,1,167.68,2010
Vietnam,2009,1,149.73,2009
Vietnam,2008,1,135.62,2008
Vietnam,2007,1,123.43,2007
Vietnam,2006,1,113.77,2006
Vietnam,2005,1,110.49,2005
Vietnam,2004,1,102.81,2004
Vietnam,2003,1,88.48,2003
Vietnam,2002,1,86.61,2002
Vietnam,2001,1,73.93,2001
Vietnam,2000,1,-22.17,2000
Vietnam,1999,1,-27.25,1999
Vietnam,1998,1,-27.51,1998
Vietnam,1997,1,-32.4,1997
Vietnam,1996,1,-38.3,1996
Vietnam,1995,1,-41.95,1995
Vietnam,1994,1,-45.54,1994
Vietnam,1993,1,-48.04,1993
Vietnam,1992,1,-52.98,1992
Vietnam,1991,1,-53.98,1991
Vietnam,1990,1,-53.88,1990
