iso_code,country,year,biofuel_elec_per_capita,biofuel_consumption,biofuel_cons_per_capita,coal_consumption,coal_elec_per_capita,coal_cons_per_capita,coal_production,coal_prod_per_capita,electricity_generation,biofuel_electricity,coal_electricity,fossil_electricity,gas_electricity,hydro_electricity,nuclear_electricity,oil_electricity,renewables_electricity,solar_electricity,wind_electricity,energy_per_gdp,energy_per_capita,fossil_fuel_consumption,fossil_energy_per_capita,fossil_cons_per_capita,gas_consumption,gas_elec_per_capita,gas_energy_per_capita,gas_production,gas_prod_per_capita,hydro_consumption,hydro_elec_per_capita,hydro_energy_per_capita,nuclear_consumption,nuclear_elec_per_capita,nuclear_energy_per_capita,oil_consumption,oil_elec_per_capita,oil_energy_per_capita,oil_production,oil_prod_per_capita,per_capita_electricity,population,primary_energy_consumption,renewables_elec_per_capita,renewables_consumption,renewables_energy_per_capita,solar_consumption,solar_elec_per_capita,solar_energy_per_capita,wind_consumption,wind_elec_per_capita,wind_energy_per_capita
AFG,Afghanistan,2019,0,0,0,0,0,0,0,0,1.032,0,0,0.152,0.152,0.84,0,0,0.88,0.04,0,0,0,0,0,3.996,0,3.996,0,0,0,0,22.081,0,0,0,0,0,0,0,0,0,27.128,38042000,0,23.132,0,0,0,1.051,0,0,0,0
NA,Africa,2019,0,0.972,0.743,1242.331,193.841,949.748,1848.779,1413.371,870.11,0,253.556,675.303,340.473,132.735,14.214,81.274,177.805,19.378,17.508,0,4219.738,5043.234,3855.495,516.261,1501.279,260.288,1147.711,2379.368,1819,328.68,101.474,251.272,35.197,10.867,26.908,2299.624,62.133,1758.036,4633.442,3542.213,665.189,1308064000,5519.688,135.93,441.256,337.336,47.984,14.814,36.683,43.354,13.385,33.143
ALB,Albania,2019,0,0,0,0,0,0,0,0,5.176,0,0,0,0,5.154,0,0,5.176,0.022,0,0,0,0,0,0,0,0,0,0,0,0,1788.941,0,0,0,0,0,0,0,0,0,1796.578,2881000,0,1796.578,0,0,0,7.636,0,0,0,0
DZA,Algeria,2019,0,0,0,5.815,0,135.066,0,0,74.348,0,0,73.616,73.616,0.106,0,0,0.732,0.615,0.011,0,16376.102,703.118,16331.441,1709.888,452.375,1709.888,10507.406,862.401,20031.14,0.375,2.472,8.714,0,0,0,244.927,0,5688.969,746.781,17345.616,1726.9,43053000,705.04,17.013,1.923,44.661,1.523,14.285,35.372,0.025,0.255,0.575
ASM,American Samoa,2019,0,0,0,0,0,0,0,0,0.163,0,0,0.163,0,0,0,0.163,0,0,0,0,0,0,0,2963.636,0,0,0,0,0,0,0,0,0,0,0,0,2963.636,0,0,0,2963.636,55000,0,0,0,0,0,0,0,0,0,0
AGO,Angola,2019,7.939,0,0,0,0,0,0,0,12.478,0.253,0,2.357,1.284,9.85,0,1.074,10.121,0.018,0,0,0,0,0,74.068,0,40.333,0,0,0,0,309.501,0,0,0,0,0,33.734,0,801.912,25197.536,392.074,31825000,0,318.006,0,0,0,0.566,0,0,0,0
ATG,Antigua and Barbuda,2019,0,0,0,0,0,0,0,0,0.342,0,0,0.327,0,0,0,0.327,0.015,0.015,0,0,0,0,0,3367.698,0,0,0,0,0,0,0,0,0,0,0,0,3367.698,0,0,0,3522.337,97000,0,154.639,0,0,0,154.639,0,0,0,0
ARG,Argentina,2019,38.498,18.322,409.147,6.348,16.54,141.75,0,0,132.683,1.724,0.741,89.9,85.787,27.335,7.927,3.372,34.856,0.8,4.997,0,21479.671,810.582,18101.027,2007.542,474.906,1915.692,10605.085,416.158,9293.194,91.785,610.413,2049.652,20.904,177.017,466.805,329.328,75.309,7354.191,334.797,7476.316,2962.922,44781000,961.881,778.363,130.395,2911.84,1.98,17.865,44.22,12.371,111.588,276.258
ARM,Armenia,2019,0,0,0,0,0,0,0,0,7.256,0,0,2.864,2.864,2.347,2.029,0,2.363,0.013,0.003,0,0,0,0,968.283,0,968.283,0,0,0,0,793.54,0,0,685.936,0,0,0,0,0,0,2453.168,2958000,0,798.949,0,0,0,4.395,0,0,1.014,0
ABW,Aruba,2019,0,0,0,0,0,0,0,0,0.991,0,0,0.845,0,0,0,0.845,0.147,0.011,0.136,0,0,0,0,7968.553,0,0,0,0,0,0,0,0,0,0,0,0,7968.553,0,0,0,9352.629,106000,0,1384.075,0,0,0,101.057,0,0,1283.019,0
NA,Asia Pacific,2019,0,0,0,33949.591,0,0,34644.414,0,12690.482,0,7376.391,8998.524,1482.65,1783.657,647.332,139.483,2929.861,393.922,514.26,0,0,0,0,0,8699.249,0,0,6721.323,0,0,0,0,0,0,0,19872.056,0,0,4200.776,0,0,0,71544.479,0,0,0,0,0,0,0,0,0
AUS,Australia,2019,138.872,15.484,614.357,495.309,5634.957,19652.769,3652.209,144911.692,253.679,3.5,142.018,199.279,51.638,15.538,0,5.623,54.4,14.218,21.143,0,70644.033,1627.912,64591.979,7906.958,537.403,2048.902,21322.988,1534.642,60891.251,35.395,616.516,1404.387,0,0,0,595.2,223.099,23616.222,239.458,9501.164,10065.425,25203000,1780.442,2158.467,152.53,6052.054,44.45,564.139,1763.675,48.347,838.9,1918.297
AUT,Austria,2019,506.569,5.939,663.158,34.956,182.375,3903.517,0,0,71.626,4.536,1.633,16.498,11.618,41.638,0,3.247,55.128,1.353,7.6,0,46523.958,276.211,30844.347,1842.32,89.004,1297.357,9939.082,0,0,100.861,4649.723,11263.087,0,0,0,152.251,362.588,17001.748,0,0,7998.409,8955000,416.622,6156.089,140.411,15679.611,3.347,151.056,373.735,18.412,848.714,2056.042
AZE,Azerbaijan,2019,15.459,0,0,0.014,0,1.426,0,0,24.596,0.155,0,22.712,11.332,1.549,0,11.38,1.884,0.044,0.135,0,18127.566,177.629,17678.026,2260.378,117.892,1127.83,11732.927,243.182,24202.073,3.874,154.195,385.578,0,0,0,59.722,1132.549,5943.673,442.665,44055.031,2447.847,10048000,182.146,187.468,4.517,449.54,0.108,4.379,10.794,0.333,13.436,33.182
BHS,Bahamas,2019,0,0,0,0,0,0,0,0,1.911,0,0,1.907,0,0,0,1.907,0.003,0.003,0,0,0,0,0,4903.171,0,0,0,0,0,0,0,0,0,0,0,0,4903.171,0,0,0,4912.15,389000,0,8.979,0,0,0,8.979,0,0,0,0
BHR,Bahrain,2019,0,0,0,0,0,0,0,0,28.115,0,0,28.106,28.079,0,0,0.027,0.009,0.008,0.001,0,0,0,0,17127.361,0,17110.87,0,168.995,102983.102,0,0,0,0,0,0,0,16.492,0,0,0,17132.998,1641000,0,5.637,0,0,0,5.027,0,0,0.609,0
BGD,Bangladesh,2019,0.018,0,0,40.092,10.396,245.892,0,0,79.781,0.003,1.695,78.532,59.444,0.82,0,17.393,1.249,0.42,0.006,0,2995.38,485.273,2976.296,481.653,343.56,364.584,2107.135,287.06,1760.61,2.038,5.029,12.5,0,0,0,101.621,106.673,623.269,0,0,489.314,163046000,488.385,7.66,3.111,19.083,1.042,2.576,6.388,0.013,0.037,0.077
BRB,Barbados,2019,0,0,0,0,0,0,0,0,1.015,0,0,0.975,0,0,0,0.975,0.04,0.04,0,0,0,0,0,3396.051,0,0,0,0,0,0,0,0,0,0,0,0,3396.051,0,0,0,3535.424,287000,0,139.373,0,0,0,139.373,0,0,0,0
BLR,Belarus,2019,35.548,0,0,10.968,0,1160.426,0,0,37.716,0.336,0,36.676,36.676,0.345,0,0,1.04,0.181,0.178,0,31081.284,291.915,30883.951,3880.235,192.635,3880.235,20380.342,0,0,0.802,36.449,84.881,0,0,0,88.312,0,9343.183,0,0,3990.214,9452000,293.78,109.979,1.644,173.958,0.297,19.149,31.374,0.263,18.832,27.86
BEL,Belgium,2019,452.148,5.467,473.793,35.422,7.912,3069.795,0,0,90.303,5.217,0.091,29.122,25.158,0.306,42.417,3.873,18.765,3.879,9.362,0,65302.717,592.903,51382.511,2523.803,173.835,2180.285,15065.009,0,0,0.734,26.523,63.601,108.352,3675.946,9390.051,383.645,335.606,33247.707,0,0,7825.933,11539000,753.528,1626.184,52.273,4530.155,9.773,336.19,846.932,23.604,811.324,2045.576
BLZ,Belize,2019,363.326,0,0,0,0,0,0,0,0.454,0.142,0,0.016,0,0.295,0,0.016,0.438,0.001,0,0,0,0,0,41.88,0,0,0,0,0,0,756.462,0,0,0,0,0,41.88,0,0,0,1164.391,390000,0,1122.511,0,0,0,2.723,0,0,0,0
BEN,Benin,2019,0.008,0,0,0,0,0,0,0,0.15,0,0,0.145,0.097,0,0,0.048,0.005,0.005,0,0,0,0,0,12.32,0,8.247,0,0,0,0,0,0,0,0,0,0,4.073,0,0,0,12.752,11801000,0,0.432,0,0,0,0.424,0,0,0,0
BMU,Bermuda,2019,0,0,0,0,0,0,0,0,0.591,0,0,0.591,0,0,0,0.591,0,0,0,0,0,0,0,9386.243,0,0,0,0,0,0,0,0,0,0,0,0,9386.243,0,0,0,9386.243,63000,0,0,0,0,0,0,0,0,0,0
BTN,Bhutan,2019,0,0,0,0,0,0,0,0,6.61,0,0,0,0,6.608,0,0,6.61,0.001,0.001,0,0,0,0,0.061,0,0,0,0,0,0,8660.987,0,0,0,0,0,0.061,0,0,0,8663.67,763000,0,8663.609,0,0,0,1.311,0,0,1.311,0
BOL,Bolivia,2019,23.365,0,0,0,0,0,0,0,9.739,0.269,0,5.991,5.991,3.22,0,0,3.748,0.189,0.07,0,0,0,0,520.335,0,520.335,0,149.504,12985.63,0,279.725,0,0,0,0,0,0,0,0,0,845.921,11513000,0,325.586,0,0,0,16.416,0,0,6.08,0
BIH,Bosnia and Herzegovina,2019,3.231,0,0,0,3022.181,0,0,0,16.291,0.011,9.976,9.976,0,6.02,0,0,6.315,0.03,0.254,0,0,0,0,3022.181,0,0,0,0,0,0,1823.747,0,0,0,0,0,0,0,0,0,4935.194,3301000,0,1913.013,0,0,0,9.088,0,0,76.946,0
BWA,Botswana,2019,0,0,0,0,1312.355,0,0,0,3.029,0,3.024,3.024,0,0,0,0,0.005,0.005,0,0,0,0,0,1312.355,0,0,0,0,0,0,0,0,0,0,0,0,0,0,0,0,1314.525,2304000,0,2.17,0,0,0,2.17,0,0,0,0
BRA,Brazil,2019,258.299,270.924,1283.697,182.244,117.42,863.51,34.243,162.249,615.353,54.514,24.782,89.076,56.701,393.898,15.224,7.593,511.053,6.655,55.986,0,16325.047,1854.374,8786.423,422.062,358.095,268.664,1696.732,258.184,1223.332,988.747,1866.373,4684.894,40.028,72.135,189.66,1314.036,35.978,6226.181,1750.73,8295.334,2915.675,211050000,3445.401,2421.478,1550.999,7348.965,13.774,31.533,65.266,138.255,265.274,655.083
VGB,British Virgin Islands,2019,0,0,0,0,0,0,0,0,0.07,0,0,0.068,0,0,0,0.068,0.002,0,0.001,0,0,0,0,2266.667,0,0,0,0,0,0,0,0,0,0,0,0,2266.667,0,0,0,2318.6,30000,0,51.933,0,0,0,10.267,0,0,41.667,0
BRN,Brunei,2019,0,0,0,0,0,0,0,0,4.066,0,0,4.064,4.064,0,0,0,0.002,0.002,0,0,0,0,0,9385.527,0,9385.527,0,129.801,299772.435,0,0,0,0,0,0,0,0,0,68.518,158240.676,9390.146,433000,0,4.619,0,0,0,4.619,0,0,0,0
BGR,Bulgaria,2019,209.919,0,0,57.932,2484.86,8276.002,56.643,8091.818,43.805,1.469,17.394,20.07,2.24,2.936,16.562,0.436,7.173,1.47,1.297,0,29649.22,145.404,20771.931,2867.135,28.309,319.959,4044.11,0,0,8.473,419.446,1210.428,41.029,2365.984,5861.308,59.163,62.316,8451.819,0,0,6257.819,7000000,207.545,1024.7,19.101,2728.666,4.533,210.057,647.604,3.237,185.278,462.412
BFA,Burkina Faso,2019,0.08,0,0,0,0,0,0,0,1.244,0.002,0,1.05,0,0.14,0,1.05,0.194,0.053,0,0,0,0,0,51.654,0,0,0,0,0,0,6.873,0,0,0,0,0,51.654,0,0,0,61.216,20321000,0,9.562,0,0,0,2.608,0,0,0,0
BDI,Burundi,2019,0.496,0,0,0,0,0,0,0,0.347,0.006,0,0.113,0,0.22,0,0.113,0.234,0.008,0,0,0,0,0,9.8,0,0,0,0,0,0,19.079,0,0,0,0,0,9.8,0,0,0,30.068,11531000,0,20.269,0,0,0,0.694,0,0,0,0
NA,CIS,2019,0,0,0,1536.081,0,0,3176.121,0,1431.039,0,264.247,965.899,693.025,248.359,211.183,8.627,251.649,1.471,1.078,0,0,0,0,0,5737.268,0,0,8465.138,0,0,0,0,0,0,0,2325.659,0,0,8300.992,0,0,0,10745.352,0,0,0,0,0,0,0,0,0
KHM,Cambodia,2019,4.408,0,0,0,201.491,0,0,0,7.587,0.073,3.322,3.468,0,4.03,0,0.146,4.119,0.016,0,0,0,0,0,210.346,0,0,0,0,0,0,244.435,0,0,0,0,0,8.855,0,0,0,460.177,16487000,0,249.831,0,0,0,0.97,0,0,0.018,0
CMR,Cameroon,2019,1.61,0,0,0,0,0,0,0,8.72,0.042,0,3.32,2.641,5.34,0,0.679,5.401,0.019,0,0,0,0,0,128.295,0,102.073,0,0,0,0,206.369,0,0,0,0,0,26.222,0,0,0,337.009,25876000,0,208.713,0,0,0,0.734,0,0,0,0
CAN,Canada,2019,290.423,23.322,623.387,155.176,1290.164,4147.866,309.699,8278.283,632.401,10.865,48.266,113.727,61.212,377.979,94.854,4.249,423.82,4.272,30.532,0,105539.881,2608.28,69719.613,3039.931,1203.126,1636.199,32159.676,1731.044,46270.99,945.858,10103.42,25282.895,248.825,2535.457,6651.117,1249.979,113.567,33412.07,3191.336,85304.752,16904.146,37411000,3948.352,11328.758,1091.247,29169.151,10.684,114.191,285.589,84.618,816.127,2261.838
CYM,Cayman Islands,2019,0,0,0,0,0,0,0,0,0.695,0,0,0.679,0,0,0,0.679,0.016,0.016,0,0,0,0,0,10446.154,0,0,0,0,0,0,0,0,0,0,0,0,10446.154,0,0,0,10694.846,65000,0,248.692,0,0,0,248.692,0,0,0,0
CAF,Central African Republic,2019,0,0,0,0,0,0,0,0,0.151,0,0,0.001,0,0.15,0,0.001,0.15,0,0,0,0,0,0,0.211,0,0,0,0,0,0,31.612,0,0,0,0,0,0.211,0,0,0,31.823,4745000,0,31.612,0,0,0,0,0,0,0,0
NA,Central America,2019,0,0,0,26.836,0,0,0,0,57.714,0,0,0,0,22.64,0,0,39.375,1.86,4.451,0,0,0,0,0,4.793,0,0,0,0,0,0,0,0,0,0,264.47,0,0,0,0,0,0,393.6,0,0,0,0,0,0,0,0,0
TCD,Chad,2019,0,0,0,0,0,0,0,0,0.231,0,0,0.222,0,0,0,0.222,0.009,0,0.009,0,0,0,0,13.921,0,0,0,0,0,0,0,0,0,0,0,0,13.921,0,77.369,4851.643,14.485,15947000,0,0.564,0,0,0,0,0,0,0.564,0
CHL,Chile,2019,229.633,0,0,79.036,995.358,4170.316,0,0,78.416,4.352,18.864,41.976,11.687,20.665,0,11.425,36.44,6.136,5.086,0,24269.273,354.847,18723.472,2214.843,64.813,616.662,3419.875,0,0,51.636,1090.4,2724.566,0,0,0,210.998,602.823,11133.28,0,0,4137.587,18952000,459.951,1922.744,105.104,5545.801,15.601,323.765,823.171,13.124,268.341,692.509
CHN,China,2019,77.946,27.583,19.238,22687.462,3176.071,15823.486,22171.38,15463.542,7326.7,111.758,4553.8,4934.742,232.5,1302.1,348.7,148.442,2043.258,224,405.3,0,27452.478,33512.486,23373.454,3441.761,3073.339,162.158,2143.516,1775.559,1238.373,3143.991,908.156,2192.792,863.457,243.203,602.223,7751.686,103.531,5406.453,2217.887,1546.876,5110.044,1433784064,39360.925,1425.081,4984.982,3476.801,554.178,156.23,386.514,1004.602,282.679,700.665
COL,Colombia,2019,26.163,0.401,7.965,71.585,130.828,1422.061,658.29,13077.145,75.04,1.317,6.586,19.544,12.07,53.987,0,0.889,55.496,0.132,0.06,0,10618.229,400.957,7965.146,388.257,134.465,239.773,2671.18,131.939,2621.01,127.63,1072.462,2535.416,0,0,0,194.908,17.657,3871.904,541.731,10761.665,1490.696,50339000,534.511,1102.439,133.554,2653.083,0.305,2.622,6.054,0.147,1.192,2.929
COM,Comoros,2019,0,0,0,0,0,0,0,0,0.117,0,0,0.117,0,0,0,0.117,0,0,0,0,0,0,0,137.094,0,0,0,0,0,0,0.47,0,0,0,0,0,137.094,0,0,0,137.564,851000,0,0.47,0,0,0,0,0,0,0,0
COG,Congo,2019,0,0,0,0,0,0,0,0,3.594,0,0,2.32,1.916,1.273,0,0.404,1.274,0.001,0,0,0,0,0,431.19,0,356.058,0,0,0,0,236.6,0,0,0,0,0,75.132,0,201.7,37483.828,667.976,5381000,0,236.786,0,0,0,0.186,0,0,0,0
COK,Cook Islands,2019,0,0,0,0,0,0,0,0,0.044,0,0,0.033,0,0,0,0.033,0.011,0.011,0,0,0,0,0,1833.333,0,0,0,0,0,0,0,0,0,0,0,0,1833.333,0,0,0,2429.389,18000,0,596.056,0,0,0,596.056,0,0,0,0
CRI,Costa Rica,2019,32.29,0,0,0,0,0,0,0,11.386,0.163,0,0.09,0,7.749,0,0.09,11.296,0.076,1.796,0,0,0,0,17.876,0,0,0,0,0,0,1535.01,0,0,0,0,0,17.876,0,0,0,2255.541,5048000,0,2237.664,0,0,0,15.055,0,0,355.784,0
HRV,Croatia,2019,202.433,0,0,5.018,392.537,1215.099,0,0,12.561,0.836,1.621,4.263,2.599,5.866,0,0.043,8.298,0.078,1.441,0,22870.486,73.783,17865.224,1032.199,29.446,629.197,7129.882,0,0,14.464,1420.323,3502.198,0,0,0,39.319,10.465,9520.243,0,0,3041.405,4130000,94.455,2009.206,20.343,4925.61,0.194,18.92,47.011,3.565,348.866,863.169
CUB,Cuba,2019,31.56,0,0,0,0,0,0,0,19.766,0.358,0,19.06,2.074,0.177,0,16.986,0.706,0.15,0.021,0,0,0,0,1681.792,0,182.978,0,0,0,0,15.648,0,0,0,0,0,1498.815,0,0,0,1744.088,11333000,0,62.296,0,0,0,13.236,0,0,1.853,0
CYP,Cyprus,2019,47.453,0,0,0.194,0,162.092,0,0,4.908,0.057,0,4.412,0,0,0,4.412,0.496,0.199,0.24,0,27022.732,30.998,25853,3679.806,0,0,0,0,0,0,0,0,0,0,0,30.803,3679.806,25690.908,0,0,4093.79,1199000,32.4,413.983,1.272,1060.953,0.534,166.383,445.366,0.59,200.147,491.807
CZE,Czechia,2019,423.626,0,0,167.81,3528.131,15699.343,156.972,14685.408,85.419,4.528,37.712,45.857,5.752,1.804,30.264,2.392,9.298,2.277,0.69,0,44313.391,370.229,34636.421,4290.094,83.25,538.155,7788.34,0,0,4.97,168.738,464.966,74.896,2831.297,7006.848,119.169,223.807,11148.738,0,0,7991.284,10689000,473.666,869.893,24.549,2296.635,5.65,212.982,528.626,1.733,64.547,162.162
COD,Democratic Republic of Congo,2019,0.334,0,0,0,0,0,0,0,11.011,0.029,0,0.004,0.002,10.968,0,0.001,11.007,0.01,0,0,0,0,0,0.043,0,0.028,0,0,0,0,126.371,0,0,0,0,0,0.015,0,0,0,126.863,86791000,0,126.82,0,0,0,0.115,0,0,0,0
DNK,Denmark,2019,998.232,0,0,10.794,727.366,1870.055,0,0,29.772,5.762,4.198,7.159,1.847,0.015,0,1.114,22.613,0.958,15.878,0,33534.557,132.452,22947.348,1240.36,29.194,319.952,5057.86,32.026,5548.44,0.042,2.575,7.266,0,0,0,92.464,193.042,16019.433,58.256,10092.812,5158.036,5772000,193.561,3917.676,58.384,10115.041,2.385,165.991,413.247,39.991,2750.878,6928.363
DJI,Djibouti,2019,0,0,0,0,0,0,0,0,0.041,0,0,0.04,0,0,0,0.04,0.001,0.001,0,0,0,0,0,41.068,0,0,0,0,0,0,0,0,0,0,0,0,41.068,0,0,0,42.094,974000,0,1.027,0,0,0,1.027,0,0,0,0
DMA,Dominica,2019,0,0,0,0,0,0,0,0,0.09,0,0,0.069,0,0.02,0,0.069,0.021,0,0.001,0,0,0,0,958.333,0,0,0,0,0,0,277.778,0,0,0,0,0,958.333,0,0,0,1252.472,72000,0,294.139,0,0,0,2.472,0,0,13.889,0
DOM,Dominican Republic,2019,23.652,0,0,0,310.519,0,0,0,18.515,0.254,3.335,16.028,3.488,1.053,0,9.206,2.487,0.4,0.78,0,0,0,0,1492.528,0,324.772,0,0,0,0,98.054,0,0,0,0,0,857.236,0,0,0,1724.113,10739000,0,231.586,0,0,0,37.247,0,0,72.632,0
NA,Eastern Africa,2019,0,0,0,50.857,0,0,0,0,115.279,0,0,0,0,68.855,0,0,85.36,6.964,2.371,0,0,0,0,0,22.646,0,0,0,0,0,0,0,0,0,0,368.826,0,0,0,0,0,0,653.746,0,0,0,0,0,0,0,0,0
ECU,Ecuador,2019,26.189,0,0,0,0,0,0,0,31.679,0.455,0,6.682,3.36,24.418,0,3.321,24.997,0.038,0.086,0,11899.704,143.647,8267.901,384.57,6.321,193.396,363.792,0,0,61.074,1405.454,3515.259,0,0,0,137.326,191.174,7904.109,330.458,19020.285,1823.349,17374000,206.745,1438.779,62.824,3615.981,0.412,2.187,23.724,0.212,4.95,12.19
EGY,Egypt,2019,2.993,0,0,23.094,0,230.049,0,0,193.546,0.3,0,174.217,149.749,12.557,0,24.468,19.329,3.68,2.792,0,10753,1030.296,10263.135,1735.437,589.453,1491.704,5871.749,649.387,6468.776,33.159,125.081,330.305,0,0,0,417.748,243.733,4161.338,389.559,3880.532,1927.982,100388000,1079.472,192.544,49.177,489.865,9.105,36.658,90.699,6.913,27.812,68.861
SLV,El Salvador,2019,84.909,0,0,0,0,0,0,0,5.29,0.548,0,1.712,0,1.442,0,1.712,3.578,0.215,0,0,0,0,0,265.262,0,0,0,0,0,0,223.427,0,0,0,0,0,265.262,0,0,0,819.696,6454000,0,554.434,0,0,0,33.362,0,0,0,0
GNQ,Equatorial Guinea,2019,0,0,0,0,0,0,0,0,1.353,0,0,0.767,0.767,0.586,0,0,0.586,0,0,0,0,0,0,565.433,0,565.433,0,0,0,0,432.456,0,0,0,0,0,0,0,95.149,70169.139,997.888,1356000,0,432.456,0,0,0,0,0,0,0,0
ERI,Eritrea,2019,0,0,0,0,0,0,0,0,0.517,0,0,0.455,0,0,0,0.455,0.062,0.06,0.002,0,0,0,0,130.1,0,0,0,0,0,0,0,0,0,0,0,0,130.1,0,0,0,147.83,3497000,0,17.729,0,0,0,17.158,0,0,0.572,0
EST,Estonia,2019,991.125,0,0,39.152,0,29526.289,0,0,8.047,1.314,0,5.971,0.044,0.01,0,5.927,2.077,0.034,0.719,0,50000.799,61.261,46199.99,4502.831,4.303,33.117,3244.81,0,0,0.04,7.238,29.842,0,0,0,17.807,4469.714,13428.891,0,0,6068.914,1326000,66.301,1566.083,4.837,3648.012,0.178,25.35,134.569,1.678,542.369,1265.286
ETH,Ethiopia,2019,0.262,0,0,0,0,0,0,0,14.579,0.029,0,0.005,0,13.991,0,0.005,14.574,0.02,0.533,0,0,0,0,0.048,0,0,0,0,0,0,124.835,0,0,0,0,0,0.048,0,0,0,130.08,112079000,0,130.032,0,0,0,0.178,0,0,4.756,0
NA,Europe,2019,0,201.648,269.877,3151.883,935.014,4218.355,1810.835,2423.549,3993.349,0,698.626,1518.523,768.111,632.538,928.467,51.786,1469.125,154.663,461.588,0,31159.831,17138.365,22937.307,2032.331,5541.345,1028.009,7416.316,2358.781,3156.899,1566.303,846.564,2096.278,2299.088,1242.624,3077.008,8445.137,69.308,11302.636,1832.245,2452.204,5344.539,747182976,23282.096,1966.218,3839.521,5138.663,382.981,206.995,512.566,1142.992,617.771,1529.735
NA,Europe (other),2019,0,0,0,212.689,0,0,179.366,0,88.622,0,175.636,373.745,179.099,34.066,0,19.01,36.087,0.294,1.498,0,0,0,0,0,54.16,0,0,73.653,0,0,0,0,0,0,0,206.403,0,0,171.587,0,0,0,562.717,0,0,0,0,0,0,0,0,0
FJI,Fiji,2019,64.903,0,0,0,0,0,0,0,1.066,0.058,0,0.424,0,0.567,0,0.424,0.642,0.015,0.003,0,0,0,0,476.03,0,0,0,0,0,0,637.079,0,0,0,0,0,476.03,0,0,0,1197.787,890000,0,721.757,0,0,0,16.854,0,0,2.921,0
FIN,Finland,2019,2302.644,3.845,695.095,40.648,811.033,7347.811,0,0,67.578,12.738,4.487,12.596,4.159,12.225,23.802,3.95,31.18,0.09,6.127,0,55118.024,168.415,30443.716,2276.877,20.209,751.892,3653.092,0,0,30.424,2209.897,5499.559,56.77,4302.643,10262.072,107.558,713.952,19442.814,0,0,12215.892,5532000,304.913,5636.372,79.728,14412.235,0.441,16.31,79.721,14.821,1107.522,2679.168
FRA,France,2019,127.981,34.603,531.287,74.915,67.752,1150.243,0,0,564.97,8.335,4.413,53.631,37.588,57.285,398.942,11.631,112.397,12.569,33.599,0,41281.299,1384.094,21251.255,823.446,434.347,577.119,6668.928,0,0,144.905,879.542,2224.855,989.09,6125.316,15186.391,874.832,178.575,13432.084,0,0,8674.502,65130000,2688.651,1725.74,315.467,4843.653,29.044,192.979,445.943,85.38,515.877,1310.922
GUF,French Guiana,2019,34.144,0,0,0,0,0,0,0,1.162,0.01,0,0.549,0.382,0.553,0,0.166,0.613,0.05,0,0,0,0,0,1885.452,0,1314.103,0,0,0,0,1900.344,0,0,0,0,0,571.349,0,0,0,3991.762,291000,0,2106.309,0,0,0,171.821,0,0,0,0
PYF,French Polynesia,2019,0,0,0,0,0,0,0,0,0.602,0,0,0.382,0,0.18,0,0.382,0.22,0.04,0,0,0,0,0,1370.37,0,0,0,0,0,0,645.161,0,0,0,0,0,1370.37,0,0,0,2159.259,279000,0,788.889,0,0,0,143.369,0,0,0.358,0
GAB,Gabon,2019,5.216,0,0,0,0,0,0,0,2.21,0.011,0,1.311,1.184,0.886,0,0.126,0.9,0.002,0,0,0,0,0,603.163,0,544.988,0,0,0,0,407.879,0,0,0,0,0,58.175,0,126.388,58162.944,1017.177,2173000,0,414.014,0,0,0,0.92,0,0,0,0
GMB,Gambia,2019,0,0,0,0,0,0,0,0,0.323,0,0,0.32,0,0,0,0.32,0.003,0.003,0,0,0,0,0,136.428,0,0,0,0,0,0,0,0,0,0,0,0,136.428,0,0,0,137.748,2348000,0,1.32,0,0,0,1.278,0,0,0.043,0
GEO,Georgia,2019,0,0,0,0,0,0,0,0,11.609,0,0,2.681,2.681,8.843,0,0,8.928,0,0.085,0,0,0,0,670.723,0,670.723,0,0,0,0,2212.329,0,0,0,0,0,0,0,0,0,2904.318,3997000,0,2233.595,0,0,0,0,0,0,21.266,0
DEU,Germany,2019,601.075,33.259,398.231,640.001,2053.474,7663.117,351.456,4208.195,603.9,50.2,171.5,286.4,90.5,19.7,75.1,24.4,242.4,46.4,125.9,0,43703.379,2825.9,33836.221,3429.242,886.569,1083.612,10615.434,53.308,638.285,50.001,235.88,598.688,185.893,899.218,2225.808,1299.33,292.156,15557.671,0,0,7230.863,83517000,3649.975,2902.403,638.183,7641.351,117.662,555.576,1408.845,311.942,1507.478,3735.067
GHA,Ghana,2019,0.548,0,0,0,0,0,0,0,12.081,0.017,0,6.018,6.018,6.013,0,0,6.063,0.033,0,0,0,0,0,197.829,0,197.829,0,0,0,0,197.693,0,0,0,0,0,0,0,0,0,397.156,30418000,0,199.327,0,0,0,1.085,0,0,0,0
GIB,Gibraltar,2019,0,0,0,0,0,0,0,0,0.199,0,0,0.199,0,0,0,0.199,0,0,0,0,0,0,0,5861.176,0,0,0,0,0,0,0,0,0,0,0,0,5861.176,0,0,0,5861.176,34000,0,0,0,0,0,0,0,0,0,0
GRC,Greece,2019,29.989,0,0,38.516,1166.697,3677.676,37.259,3557.618,50.007,0.314,12.219,34.2,16.154,4.276,0,5.827,15.807,3.976,7.24,0,30383.697,277.692,26515.007,3265.54,51.472,1542.433,4914.686,0,0,9.918,408.319,947.03,0,0,0,187.704,556.41,17922.645,0,0,4774.808,10473000,318.208,1509.268,38.541,3680.052,9.805,379.652,936.232,18.023,691.309,1720.876
GRL,Greenland,2019,0,0,0,0,0,0,0,0,0.513,0,0,0.101,0,0.412,0,0.101,0.412,0,0,0,0,0,0,1775.556,0,0,0,0,0,0,7229.708,0,0,0,0,0,1775.556,0,0,0,9005.263,57000,0,7229.708,0,0,0,0,0,0,0,0
GRD,Grenada,2019,0,0,0,0,0,0,0,0,0.224,0,0,0.221,0,0,0,0.221,0.003,0.003,0,0,0,0,0,1973.214,0,0,0,0,0,0,0,0,0,0,0,0,1973.214,0,0,0,2004.42,112000,0,31.205,0,0,0,29.42,0,0,1.786,0
GLP,Guadeloupe,2019,178.363,0,0,0,0,0,0,0,1.673,0.071,0,1.449,0,0,0,1.449,0.224,0.1,0.052,0,0,0,0,3623.333,0,0,0,0,0,0,0,0,0,0,0,0,3623.333,0,0,0,4182.697,400000,0,559.363,0,0,0,250,0,0,131,0
GUM,Guam,2019,0,0,0,0,0,0,0,0,1.735,0,0,1.667,0,0,0,1.667,0.068,0.068,0,0,0,0,0,9982.036,0,0,0,0,0,0,0,0,0,0,0,0,9982.036,0,0,0,10389.222,167000,0,407.186,0,0,0,407.186,0,0,0,0
GTM,Guatemala,2019,158.865,0,0,0,115.385,0,0,0,13.579,2.793,2.029,5.515,0,4.438,0,3.486,8.064,0.229,0.331,0,0,0,0,313.69,0,0,0,0,0,0,252.441,0,0,0,0,0,198.305,0,0,0,772.376,17581000,0,458.687,0,0,0,13.025,0,0,18.827,0
GIN,Guinea,2019,0,0,0,0,0,0,0,0,2.31,0,0,1.594,0,0.694,0,1.594,0.715,0.021,0,0,0,0,0,124.84,0,0,0,0,0,0,54.37,0,0,0,0,0,124.84,0,0,0,180.855,12771000,0,56.015,0,0,0,1.644,0,0,0,0
GNB,Guinea-Bissau,2019,0,0,0,0,0,0,0,0,0.044,0,0,0.042,0,0,0,0.042,0.002,0.002,0,0,0,0,0,21.864,0,0,0,0,0,0,0,0,0,0,0,0,21.864,0,0,0,22.905,1921000,0,1.041,0,0,0,1.041,0,0,0,0
GUY,Guyana,2019,5.96,0,0,0,0,0,0,0,1.111,0.005,0,1.097,0,0,0,1.097,0.014,0.009,0,0,0,0,0,1401.447,0,0,0,0,0,0,0,0,0,0,0,0,1401.447,0,0,0,1418.806,783000,0,17.358,0,0,0,10.888,0,0,0.511,0
HTI,Haiti,2019,0,0,0,0,0,0,0,0,0.997,0,0,0.764,0,0.233,0,0.764,0.234,0.001,0,0,0,0,0,67.797,0,0,0,0,0,0,20.656,0,0,0,0,0,67.797,0,0,0,88.542,11263000,0,20.745,0,0,0,0.089,0,0,0,0
HND,Honduras,2019,107.531,0,0,0,0,0,0,0,9.092,1.048,0,2.285,0.108,3.534,0,2.176,6.808,1.114,0.815,0,0,0,0,234.405,0,11.1,0,0,0,0,362.56,0,0,0,0,0,223.305,0,0,0,932.898,9746000,0,698.492,0,0,0,114.303,0,0,83.624,0
HKG,Hong Kong,2019,13.134,0,0,71.769,0,9651.59,0,0,34.687,0.098,0,34.587,0,0,0,34.587,0.1,0.001,0.001,0,46370.72,344.471,46324.789,4651.291,31.162,0,4190.647,0,0,0,0,0,0,0,0,241.54,4651.291,32482.553,0,0,4664.694,7436000,344.813,13.403,0.276,37.12,0.002,0.134,0.261,0.004,0.134,0.579
HUN,Hungary,2019,243.592,0,0,21.867,406.352,2257.813,17.455,1802.282,33.847,2.359,3.936,12.829,8.364,0.242,16.287,0.53,4.73,1.371,0.754,0,28488.966,222.441,22967.592,1324.643,98.109,863.619,10130.01,0,0,0.545,24.957,56.249,40.335,1681.724,4164.7,102.465,54.672,10579.769,0,0,3494.773,9685000,275.916,488.406,11.084,1144.404,3.427,141.546,353.855,1.798,77.853,185.62
ISL,Iceland,2019,0,0,0,1.333,0,3933.14,0,0,19.265,0,0,0.003,0,13.324,0,0.003,19.262,0,0.006,0,179962.796,12.561,37053.462,8.319,0,0,0,0,0,33.325,39305.044,98303.952,0,0,0,11.228,8.319,33120.322,0,0,56827.885,339000,61.007,56819.566,48.245,142314.363,0,0,0,0.016,18.947,47.972
IND,India,2019,10.743,1.295,0.948,5172.223,730.771,3785.242,3536.276,2587.99,1378.174,14.68,998.538,1046.627,47.98,161.741,45.163,0.108,286.385,46.273,63.308,0,6923.931,8612.962,6303.314,765.964,596.809,35.114,436.769,269.066,196.913,400.77,118.369,293.3,111.833,33.052,81.844,2843.931,0.079,2081.303,435.234,318.522,1008.604,1366418048,9460.984,209.588,736.188,538.772,114.569,33.864,83.846,156.78,46.332,114.738
IDN,Indonesia,2019,41.504,69.168,255.586,946.172,620.168,3496.236,4180.391,15447.114,281.135,11.232,167.833,233.472,48.926,20.949,0,16.712,47.663,0.098,0.484,0,9146.767,2324.602,8589.723,862.709,438.174,180.789,1619.113,675.424,2495.784,42.077,77.411,155.482,0,0,0,940.256,61.753,3474.374,443.299,1638.049,1038.832,270625984,2475.353,176.123,150.75,557.044,0.157,0.362,0.582,0.465,1.788,1.72
IRN,Iran,2019,0.289,0,0,14.369,7.206,173.302,0,0,306.298,0.024,0.597,269.694,190.321,30.071,5.866,78.776,30.737,0.244,0.398,0,41354.455,3339.902,40281.521,3252.701,2236.185,2295.401,26969.934,2441.554,29446.824,71.719,362.68,864.98,15.874,70.748,191.453,1089.348,950.094,13138.285,1867.431,22522.504,3694.162,82914000,3428.863,370.712,73.087,881.481,0.423,2.943,5.099,0.885,4.8,10.672
IRQ,Iraq,2019,0,0,0,0,0,0,0,0,82.843,0,0,80.333,50.483,2.453,0,29.85,2.51,0.057,0,0,15733.708,612.215,15574.017,2043.577,199.233,1284.226,5068.246,107.79,2742.042,6.136,62.401,156.081,0,0,0,412.982,759.352,10505.771,2719.567,69182.564,2107.429,39310000,618.492,63.851,6.277,159.691,0.142,1.45,3.61,0,0,0
IRL,Ireland,2019,172.892,0,0,11.154,122.78,2284.672,0,0,30.761,0.844,0.599,19.552,16.626,0.886,0,2.327,11.209,0.017,9.463,0,37739.296,153.732,31489.613,4004.974,53.159,3405.555,10888.752,0,0,2.195,181.383,449.687,0,0,0,89.42,476.639,18316.188,0,0,6300.913,4882000,184.243,2295.939,28.465,5830.545,0.062,3.412,12.622,23.997,1938.252,4915.382
ISR,Israel,2019,20.035,0,0,58.173,2609.462,6828.577,0,0,67.377,0.171,22.23,64.545,42.315,0,0,0,2.832,2.597,0.064,0,36717.179,305.526,35864.075,7576.605,107.719,4967.143,12644.54,0,0,0.057,0.023,6.722,0,0,0,139.635,0,16390.959,0,0,7909.025,8519000,312.794,332.42,7.2,845.189,6.734,304.848,790.455,0.16,7.513,18.733
ITA,Italy,2019,315.859,9.176,151.536,82.764,324.818,1366.866,0,0,290.153,19.125,19.668,173.074,137.456,46.877,0,15.951,117.079,24.67,20.319,0,29239.012,1482.024,24476.028,2858.366,707.907,2270.118,11691.275,46.213,763.212,111.776,774.191,1846.017,0,0,0,691.353,263.431,11417.887,49.679,820.462,4791.951,60550000,1770.422,1933.585,288.399,4762.984,60.236,407.436,994.822,49.68,335.57,820.485
JAM,Jamaica,2019,5.201,0,0,0,0,0,0,0,4.191,0.015,0,3.63,0.606,0.193,0,3.024,0.561,0.05,0.302,0,0,0,0,1231.438,0,205.525,0,0,0,0,65.581,0,0,0,0,0,1025.913,0,0,0,1421.624,2948000,0,190.185,0,0,0,16.961,0,0,102.442,0
JPN,Japan,2019,325.477,0,0,1362.561,2191.675,10740.67,4.86,38.307,952.384,41.29,278.036,661.164,308.903,79.82,65.682,74.225,225.538,74.522,8.534,0,40888.804,4536.13,35756.976,5211.761,1081.212,2434.993,8522.88,0,0,183.059,629.195,1443.003,162.529,517.752,1281.169,2092.356,585.094,16493.426,0,0,7507.36,126860000,5187.154,1777.847,483.082,3807.995,186.396,587.435,1469.305,21.345,67.27,168.259
JOR,Jordan,2019,0.396,0,0,0,0,0,0,0,19.746,0.004,0,17.029,15.456,0.013,0,1.573,2.717,1.5,1.2,0,0,0,0,1685.679,0,1529.99,0,0,0,0,1.29,0,0,0,0,0,155.689,0,0,0,1954.638,10102000,0,268.959,0,0,0,148.485,0,0,118.788,0
KAZ,Kazakhstan,2019,0.054,0,0,464.422,3838.441,25034.878,578.059,31160.51,101.552,0.001,71.207,90.923,18.961,9.843,0,0.756,10.629,0.236,0.549,0,46415.639,834.317,44974.219,4901.266,179.029,1022.092,9650.629,233.967,12612.111,24.729,530.569,1333.049,0,0,0,190.866,40.734,10288.712,1061.521,57221.745,5474.204,18551000,861.057,572.938,26.69,1438.711,0.72,12.722,38.8,1.228,29.594,66.18
KEN,Kenya,2019,2.447,0,0,0,0,0,0,0,11.426,0.129,0,1.234,0,3.173,0,1.234,10.192,0.092,1.563,0,0,0,0,23.472,0,0,0,0,0,0,60.353,0,0,0,0,0,23.472,0,0,0,217.325,52574000,0,193.854,0,0,0,1.75,0,0,29.73,0
KIR,Kiribati,2019,0,0,0,0,0,0,0,0,0.03,0,0,0.025,0,0,0,0.025,0.005,0.005,0,0,0,0,0,214.689,0,0,0,0,0,0,0,0,0,0,0,0,214.689,0,0,0,255.681,118000,0,40.992,0,0,0,40.992,0,0,0,0
OWID_KOS,Kosovo,2019,0,0,0,0,0,0,0,0,5.994,0,5.685,5.685,0,0.208,0,0,0.309,0.01,0.091,0,0,0,0,0,0,0,0,0,0,0,0,0,0,0,0,0,0,0,0,0,0,0,0,0,0,0,0,0,0,0,0,0
KWT,Kuwait,2019,0,0,0,2.11,0,501.479,0,0,71.536,0,0,71.378,71.378,0,0,0,0.158,0.14,0.018,0,108127.063,454.495,108032.964,16966.4,235.162,16966.4,55897.845,183.974,43730.383,0,0,0,0,0,0,217.223,0,51633.64,1672.324,397509.844,17003.957,4207000,454.891,37.556,0.396,94.099,0.352,33.278,83.787,0.043,4.279,10.312
KGZ,Kyrgyzstan,2019,0,0,0,0,164.624,0,0,0,14.84,0,1.056,1.135,0,13.706,0,0.078,13.706,0,0,0,0,0,0,176.836,0,0,0,0,0,0,2136.153,0,0,0,0,0,12.212,0,0,0,2312.989,6416000,0,2136.153,0,0,0,0,0,0,0,0
LAO,Laos,2019,8.183,0,0,0,2002.51,0,0,0,33.765,0.059,14.356,14.356,0,19.33,0,0,19.409,0.02,0,0,0,0,0,2002.51,0,0,0,0,0,0,2696.331,0,0,0,0,0,0,0,0,0,4709.814,7169000,0,2707.305,0,0,0,2.79,0,0,0,0
LVA,Latvia,2019,459.972,0,0,0.849,0.18,445.197,0,0,6.463,0.877,0,3.329,3.328,2.108,0,0,3.135,0.001,0.148,0,23136.925,35.677,18708.699,1745.561,13.119,1745.381,6879.332,0,0,5.219,1105.403,2736.906,0,0,0,21.71,0,11384.17,0,0,3389.26,1907000,44.122,1643.699,8.021,4206.245,0,0.668,0,0.383,77.656,200.722
LBN,Lebanon,2019,0,0,0,0,0,0,0,0,20.789,0,0,20.402,9.263,0.301,0,11.139,0.387,0.08,0.006,0,0,0,0,2975.798,0,1351.133,0,0,0,0,43.956,0,0,0,0,0,1624.665,0,0,0,3032.298,6856000,0,56.499,0,0,0,11.669,0,0,0.875,0
LSO,Lesotho,2019,0,0,0,0,0,0,0,0,0.542,0,0,0,0,0.541,0,0,0.542,0.001,0,0,0,0,0,0,0,0,0,0,0,0,254.511,0,0,0,0,0,0,0,0,0,254.981,2125000,0,254.981,0,0,0,0.471,0,0,0,0
LBR,Liberia,2019,0,0,0,0,0,0,0,0,0.4,0,0,0.396,0,0,0,0.396,0.004,0.004,0,0,0,0,0,80.278,0,0,0,0,0,0,0,0,0,0,0,0,80.278,0,0,0,81.088,4937000,0,0.81,0,0,0,0.81,0,0,0,0
LBY,Libya,2019,0,0,0,0,0,0,0,0,31.075,0,0,31.067,29.532,0,0,1.535,0.008,0.008,0,0,0,0,0,4584.136,0,4357.607,0,94.346,13921.549,0,0,0,0,0,0,0,226.528,0,671.056,99019.587,4585.316,6777000,0,1.18,0,0,0,1.18,0,0,0,0
LTU,Lithuania,2019,205.961,0,0,2.37,0,858.74,0,0,3.106,0.568,0,0.666,0.469,0.353,0,0.197,2.439,0.09,1.428,0,24641.049,62.286,22567.531,241.401,21.572,170.044,7815.789,0,0,0.857,127.826,310.424,0,0,0,38.345,71.357,13893.002,0,0,1125.263,2760000,68.009,883.862,6.039,2188.223,0.223,32.712,80.746,3.613,517.362,1308.986
LUX,Luxembourg,2019,352.925,0,0,0.65,0,1054.766,0,0,0.957,0.217,0,0.272,0.195,0.093,0,0.077,0.684,0.12,0.255,0,76658.118,43.886,71243.909,442.294,7.955,316.998,12913.781,0,0,0.263,150.614,426.631,0,0,0,35.282,125.295,57275.362,0,0,1553.463,616000,47.221,1111.169,1.918,3113.266,0.298,194.359,484.429,0.661,413.271,1072.408
MAC,Macau,2019,0,0,0,0,0,0,0,0,0.78,0,0,0.78,0,0,0,0.78,0,0,0,0,0,0,0,0,0,0,0,0,0,0,0,0,0,0,0,0,0,0,0,0,0,0,0,0,0,0,0,0,0,0,0,0
MDG,Madagascar,2019,1.1,0,0,0,26.544,0,0,0,2.348,0.03,0.716,1.326,0.176,0.969,0,0.434,1.022,0.023,0,0,0,0,0,49.169,0,6.541,0,0,0,0,35.926,0,0,0,0,0,16.084,0,0,0,87.066,26969000,0,37.897,0,0,0,0.853,0,0,0.019,0
MWI,Malawi,2019,2.942,0,0,0,0,0,0,0,1.434,0.055,0,0.172,0.172,1.157,0,0,1.262,0.05,0,0,0,0,0,9.233,0,9.233,0,0,0,0,62.095,0,0,0,0,0,0,0,0,0,76.953,18629000,0,67.72,0,0,0,2.684,0,0,0,0
MYS,Malaysia,2019,48.586,0,0,249.354,2092.822,7804.501,0,0,162.834,1.552,66.866,133.752,64.454,26.73,0,2.433,29.082,0.8,0,0,37053.569,1108.253,34687.091,4186.291,422.883,2017.333,13235.766,788.102,24666.735,66.97,836.62,2096.098,0,0,0,436.016,76.136,13646.824,346.375,10841.152,5096.536,31950000,1183.862,910.245,71.139,2226.571,1.965,25.039,61.515,0,0,0
MDV,Maldives,2019,0,0,0,0,0,0,0,0,0.623,0,0,0.62,0,0,0,0.62,0.002,0,0.002,0,0,0,0,1168.236,0,0,0,0,0,0,0,0,0,0,0,0,1168.236,0,0,0,1172.944,531000,0,4.708,0,0,0,0,0,0,4.708,0
MLI,Mali,2019,2.645,0,0,0,0,0,0,0,3.933,0.052,0,2.406,0,1.443,0,2.406,1.527,0.032,0,0,0,0,0,122.397,0,0,0,0,0,0,73.41,0,0,0,0,0,122.397,0,0,0,200.08,19658000,0,77.683,0,0,0,1.628,0,0,0,0
MLT,Malta,2019,20.345,0,0,0,0,0,0,0,1.962,0.009,0,1.763,1.745,0,0,0.018,0.199,0.19,0,0,0,0,0,4007.92,0,3966.775,0,0,0,0,0,0,0,0,0,0,41.145,0,0,0,4459.252,440000,0,451.332,0,0,0,430.855,0,0,0.132,0
MTQ,Martinique,2019,296.096,0,0,0,0,0,0,0,1.578,0.111,0,1.461,0,0,0,1.461,0.117,0,0.006,0,0,0,0,3885.638,0,0,0,0,0,0,0,0,0,0,0,0,3885.638,0,0,0,4197.16,376000,0,311.521,0,0,0,0,0,0,15.426,0
MRT,Mauritania,2019,0,0,0,0,0,0,0,0,0.856,0,0,0.408,0.194,0.2,0,0.214,0.448,0.144,0.104,0,0,0,0,90.146,0,42.79,0,0,0,0,44.189,0,0,0,0,0,47.356,0,0,0,189.196,4526000,0,99.05,0,0,0,31.816,0,0,23.045,0
MUS,Mauritius,2019,343.832,0,0,0,583.059,0,0,0,3.023,0.437,0.74,2.386,0,0.125,0,1.646,0.636,0.06,0.015,0,0,0,0,1879.013,0,0,0,0,0,0,98.163,0,0,0,0,0,1295.954,0,0,0,2380.063,1270000,0,501.05,0,0,0,47.244,0,0,11.811,0
MEX,Mexico,2019,23.468,2.341,18.351,140.977,188.436,1105.042,73.461,575.819,313.654,2.994,24.04,247.414,188.099,23.845,10.881,35.274,55.36,6.591,16.837,0,16810.783,1961.967,15378.81,1939.343,906.675,1474.411,7106.94,339.9,2664.296,58.91,186.909,461.766,27.86,85.29,218.383,914.315,276.496,7166.828,1102.109,8638.844,2458.569,127576000,2144.652,433.936,154.825,1213.589,30.802,51.663,241.444,43.578,131.973,341.582
NA,Middle Africa,2019,0,0,0,0.001,0,0,0,0,40.269,0,0,0,0,27.387,0,0,27.478,0.068,0.009,0,0,0,0,0,45.514,0,0,0,0,0,0,0,0,0,0,138.088,0,0,0,0,0,0,251.644,0,0,0,0,0,0,0,0,0
NA,Middle East,2019,0,0,0,110.954,0,0,8.312,0,1264.655,0,22.558,1211.614,792.941,33.297,6.411,396.115,46.631,11.922,1.156,0,0,0,0,0,5583.534,0,0,6953.24,0,0,0,0,0,0,0,4945.536,0,0,16457.931,0,0,0,10771.434,0,0,0,0,0,0,0,0,0
MDA,Moldova,2019,7.668,0,0,0,1093.477,0,0,0,5.375,0.031,4.421,5,0.579,0.298,0,0,0.375,0.003,0.043,0,0,0,0,1236.671,0,143.193,0,0,0,0,73.705,0,0,0,0,0,0,0,0,0,1329.421,4043000,0,92.75,0,0,0,0.742,0,0,10.636,0
MNG,Mongolia,2019,0,0,0,0,1847.258,0,302.306,93738.25,6.47,0,5.957,5.957,0,0.093,0,0,0.513,0.04,0.38,0,0,0,0,1847.258,0,0,0,0,0,0,28.753,0,0,0,0,0,0,0,0,0,2006.244,3225000,0,158.986,0,0,0,12.403,0,0,117.829,0
MNE,Montenegro,2019,0,0,0,0,2349.002,0,0,0,3.982,0,1.475,1.475,0,2.297,0,0,2.507,0,0.21,0,0,0,0,2349.002,0,0,0,0,0,0,3657.898,0,0,0,0,0,0,0,0,0,6341.295,628000,0,3992.293,0,0,0,0,0,0,334.395,0
MSR,Montserrat,2019,0,0,0,0,0,0,0,0,0.014,0,0,0.014,0,0,0,0.014,0,0,0,0,0,0,0,2733.333,0,0,0,0,0,0,0,0,0,0,0,0,2733.333,0,0,0,2733.333,5000,0,0,0,0,0,0,0,0,0,0
MAR,Morocco,2019,0.435,0,0,77.515,448.704,2125.318,0,0,38.402,0.016,16.365,30.469,9.617,1.637,0,4.487,7.933,1.581,4.699,0,7227.94,244.938,6715.788,835.412,9.757,263.683,267.516,0,0,3.127,44.896,85.735,0,0,0,157.667,123.026,4322.954,0,0,1052.931,36472000,263.617,217.519,18.679,512.151,3.916,43.348,107.371,11.636,128.839,319.045
MOZ,Mozambique,2019,2.018,0,0,0,0,0,0,0,15.343,0.061,0,2.582,0,12.697,0,2.582,12.761,0.002,0,0,0,0,0,85.046,0,0,0,0,0,0,418.145,0,0,0,0,0,85.046,0,0,0,505.274,30366000,0,420.229,0,0,0,0.066,0,0,0,0
MMR,Myanmar,2019,0,0,0,0,0,0,0,0,0,0,0,0,0,0,0,0,0,0,0,0,0,0,0,0,0,0,0,170.675,3158.009,0,0,0,0,0,0,0,0,0,0,0,0,54045000,0,0,0,0,0,0,0,0,0,0
NAM,Namibia,2019,0,0,0,0,4.188,0,0,0,1.061,0,0.01,0.016,0,1.014,0,0.005,1.045,0.026,0.005,0,0,0,0,6.279,0,0,0,0,0,0,406.578,0,0,0,0,0,2.091,0,0,0,425.283,2495000,0,419.003,0,0,0,10.421,0,0,2.004,0
NRU,Nauru,2019,0,0,0,0,0,0,0,0,0.039,0,0,0.039,0,0,0,0.039,0,0,0,0,0,0,0,3515.152,0,0,0,0,0,0,0,0,0,0,0,0,3515.152,0,0,0,3515.152,11000,0,0,0,0,0,0,0,0,0,0
NPL,Nepal,2019,0,0,0,0,0,0,0,0,5.42,0,0,0,0,5.326,0,0,5.42,0.08,0.014,0,0,0,0,0,0,0,0,0,0,0,186.166,0,0,0,0,0,0,0,0,0,189.452,28609000,0,189.452,0,0,0,2.796,0,0,0.489,0
NLD,Netherlands,2019,339.132,8.43,493.071,74.028,1036.173,4329.873,0,0,121.568,5.798,17.715,94.943,71.448,0.074,3.91,5.779,22.715,5.32,11.523,0,57046.584,901.859,52749.549,5553.19,368.428,4178.998,21549.296,280.903,16429.957,0.184,4.339,10.744,9.681,228.68,566.263,459.403,338.019,26870.38,0,0,7110.476,17097000,975.325,1328.605,63.785,3730.772,12.85,311.153,751.581,28.372,673.982,1659.458
ANT,Netherlands Antilles,2019,0,0,0,0,0,0,0,0,0.842,0,0,0.537,0,0,0,0.537,0.305,0.03,0.275,0,0,0,0,0,0,0,0,0,0,0,0,0,0,0,0,0,0,0,0,0,0,0,0,0,0,0,0,0,0,0,0,0
NCL,New Caledonia,2019,0,0,0,0,0,0,0,0,3.02,0,0,2.665,0,0.31,0,2.665,0.355,0,0.045,0,0,0,0,9416.961,0,0,0,0,0,0,1093.694,0,0,0,0,0,9416.961,0,0,0,10669.665,283000,0,1252.704,0,0,0,0,0,0,159.011,0
NZL,New Zealand,2019,126.908,0,0,17.235,688.445,3603.389,21.067,4404.459,43.422,0.607,3.293,7.653,3.339,25.327,0,1.021,35.769,0.123,2.222,0,53224.651,164.422,34376.311,1599.946,47.996,698.083,10034.623,0,0,63.355,5295.248,13245.875,0,0,0,99.191,213.418,20738.298,0,0,9078.357,4783000,254.574,7478.412,90.12,18841.714,0.314,25.716,65.689,5.584,464.577,1167.548
NIC,Nicaragua,2019,119.87,0,0,0,0,0,0,0,4.495,0.785,0,1.663,0.229,0.445,0,1.433,2.832,0.022,0.73,0,0,0,0,253.979,0,35.006,0,0,0,0,68.031,0,0,0,0,0,218.973,0,0,0,686.61,6546000,0,432.631,0,0,0,3.361,0,0,111.518,0
NER,Niger,2019,0,0,0,0,5.682,0,0,0,0.588,0,0.132,0.564,0,0,0,0.432,0.024,0.024,0,0,0,0,0,24.208,0,0,0,0,0,0,0,0,0,0,0,0,18.526,0,0,0,25.238,23311000,0,1.03,0,0,0,1.03,0,0,0,0
NGA,Nigeria,2019,0.132,0,0,0,0,0,0,0,35.669,0.027,0,28.973,28.973,6.637,0,0,6.696,0.03,0.003,0,0,0,0,144.17,0,144.17,0,492.792,2452.14,0,33.024,0,0,0,0,0,0,0,1177.611,5859.811,177.491,200964000,0,33.321,0,0,0,0.149,0,0,0.015,0
NIU,Niue,2019,0,0,0,0,0,0,0,0,0.003,0,0,0.003,0,0,0,0.003,0,0,0,0,0,0,0,1500,0,0,0,0,0,0,0,0,0,0,0,0,1500,0,0,0,1500,2000,0,0,0,0,0,0,0,0,0,0
NA,North America,2019,0,431.854,1177.994,3446.334,3094.413,9400.776,4355.64,11881.146,5425.691,0,1134.415,3171.953,1975.752,676.926,963.747,61.786,1253.811,125.113,354.873,0,88336.805,26461.35,72180.245,8652.33,10576.258,5389.381,28849.507,11279.76,30768.493,1676.216,1846.491,4572.316,2386.448,2628.871,6509.66,12438.758,168.536,33929.962,12963.66,35361.769,14799.991,366600992,32384.36,3420.097,3536.563,9646.9,309.806,341.277,845.077,878.742,968.008,2396.999
PRK,North Korea,2019,0,0,0,0,82.124,0,0,0,15.774,0,2.108,2.108,0,13.65,0,0,13.666,0.015,0.001,0,0,0,0,82.124,0,0,0,0,0,0,531.832,0,0,0,0,0,0,0,0,0,614.583,25666000,0,532.459,0,0,0,0.584,0,0,0.043,0
MKD,North Macedonia,2019,0,0,0,12.279,0,5894.691,0,0,5.87,0,0,0,0,1.164,0,0,1.344,0.023,0.102,0,14919.496,27.749,13321.522,0,2.827,0,1357.372,0,0,2.882,558.653,1383.347,0,0,0,12.643,0,6069.458,0,0,2817.94,2083000,31.077,645.132,3.328,1597.488,0.058,11.151,27.612,0.252,48.875,121.024
NOR,Norway,2019,83.473,0,0,9.348,0,1737.875,0,0,132.016,0.449,0,2.361,2.361,123.663,0,0,129.655,0.013,5.53,0,91240.272,161.613,30045.173,438.981,44.939,438.981,8354.51,1143.855,212651.908,310.162,22989.939,57661.727,0,0,0,107.326,0,19952.788,909.949,169166.871,24542.841,5379000,490.781,24103.86,324.799,60382.799,0.279,2.417,51.811,13.713,1028.032,2549.345
OMN,Oman,2019,0,0,0,1.912,0,384.273,0,0,36.949,0,0,36.945,36.945,0,0,0,0.004,0.004,0,0,84532.482,420.54,84530.613,7426.157,250.095,7426.157,50270.438,363.394,73043.996,0,0,0,0,0,0,168.533,0,33875.903,549.533,110458.886,7426.961,4975000,420.549,0.804,0.009,1.869,0.009,0.804,1.869,0,0,0
NA,Other Asia & Pacific,2019,0,0,0,346.297,0,0,395.23,0,120.234,0,148.041,418.565,231.378,63.185,0,39.146,64.599,0.697,0.549,0,0,0,0,0,102.73,0,0,296.042,0,0,0,0,0,0,0,285.818,0,0,119.445,0,0,0,894.806,0,0,0,0,0,0,0,0,0
NA,Other CIS,2019,0,0,0,32.475,0,0,29.015,0,49.187,0,4.01,157.576,152.703,35.605,2.198,0.863,35.672,0.021,0.026,0,0,0,0,0,55.12,0,0,3.166,0,0,0,0,0,0,0,50.326,0,0,22.627,0,0,0,231.694,0,0,0,0,0,0,0,0,0
NA,Other Caribbean,2019,0,0,0,38.975,0,0,0,0,82.016,0,0,0,0,1.53,0,0,5.894,1.278,1.807,0,0,0,0,0,50.057,0,0,0,0,0,0,0,0,0,0,359.834,0,0,0,0,0,0,467.262,0,0,0,0,0,0,0,0,0
NA,Other Middle East,2019,0,0,0,4.589,0,0,0,0,86.131,0,21.932,439.336,253.483,1.833,0,163.921,5.428,2.87,0.715,0,0,0,0,0,248.06,0,0,101.442,0,0,0,0,0,0,0,300.675,0,0,121.189,0,0,0,566.765,0,0,0,0,0,0,0,0,0
NA,Other Northern Africa,2019,0,0,0,0,0,0,0,0,60.126,0,0,0,0,0.066,0,0,0,0.156,0.5,0,0,0,0,0,99.091,0,0,0,0,0,0,0,0,0,0,187.923,0,0,0,0,0,0,288.802,0,0,0,0,0,0,0,0,0
NA,Other South America,2019,0,0,0,0.092,0,0,0,0,78.871,0,0,0,0,62.258,0,0,70.747,0.75,4.832,0,0,0,0,0,37.109,0,0,0,0,0,0,0,0,0,0,122.668,0,0,0,0,0,0,338.071,0,0,0,0,0,0,0,0,0
NA,Other Southern Africa,2019,0,0,0,15.008,0,0,0,0,4.492,0,0,0,0,1.721,0,0,2.195,0.272,0,0,0,0,0,0,0,0,0,0,0,0,0,0,0,0,0,35.599,0,0,0,0,0,0,56.041,0,0,0,0,0,0,0,0,0
PAK,Pakistan,2019,12.28,0,0,152.934,114.642,706.179,33.277,153.656,145.386,2.659,24.828,85.156,24.777,43.146,9.783,35.552,50.446,1.032,3.609,0,4566.901,860.248,3972.238,393.213,456.643,114.408,2108.573,338.697,1563.949,88.165,199.231,407.105,23.573,45.176,108.851,250.671,164.163,1157.486,0,0,671.327,216564992,989.031,232.938,105.21,485.812,2.873,4.763,13.267,11.832,16.664,54.635
PSE,Palestine,2019,0.074,0,0,0,0,0,0,0,0.295,0,0,0.294,0,0,0,0.294,0,0,0,0,0,0,0,59.068,0,0,0,0,0,0,0,0,0,0,0,0,59.068,0,0,0,59.142,4981000,0,0.074,0,0,0,0,0,0,0,0
PAN,Panama,2019,7.694,0,0,0,105.909,0,0,0,11.344,0.033,0.45,2.033,0.6,8.303,0,0.983,9.311,0.295,0.68,0,0,0,0,478.708,0,141.212,0,0,0,0,1955.566,0,0,0,0,0,231.587,0,0,0,2671.595,4246000,0,2192.887,0,0,0,69.477,0,0,160.151,0
PNG,Papua New Guinea,2019,4.718,0,0,0,0,0,0,0,4.257,0.041,0,3.414,1.16,0.8,0,2.254,0.843,0.001,0,0,0,0,0,389.053,0,132.194,0,0,0,0,91.158,0,0,0,0,0,256.86,0,0,0,485.088,8776000,0,96.034,0,0,0,0.158,0,0,0,0
PRY,Paraguay,2019,125.83,0,0,0,0,0,0,0,49.823,0.886,0,0.002,0,48.935,0,0.002,49.821,0,0,0,0,0,0,0.267,0,0,0,0,0,0,6946.02,0,0,0,0,0,0.267,0,0,0,7072.117,7045000,0,7071.85,0,0,0,0,0,0,0,0
PER,Peru,2019,16.303,0,0,6.048,19.657,186.038,0,0,55.481,0.53,0.639,21.274,20.635,31.255,0,0,34.207,0.767,1.655,0,9924.199,229.738,7066.682,654.386,82.999,634.728,2553.043,135,4152.555,78.214,961.405,2405.844,0,0,0,140.69,0,4327.601,70.351,2163.977,1706.594,32510000,322.636,1052.208,88.174,2712.196,1.886,23.593,58.019,4.076,50.907,125.385
PHL,Philippines,2019,4.634,0,0,202.638,449.089,1874.244,0,0,100.381,0.501,48.554,78.956,18.968,7.945,0,11.434,21.425,1.246,1.042,0,5200.079,496.613,4593.292,730.285,40.804,175.442,377.409,0,0,23.915,73.483,221.198,0,0,0,253.171,105.754,2341.639,0,0,928.448,108117000,562.217,198.163,59.271,548.209,3.296,11.525,30.486,2.909,9.638,26.909
POL,Poland,2019,179.817,11.413,301.231,530.675,3136.993,14006.404,519.498,13711.421,162.627,6.813,118.854,138.123,14.53,1.928,0,4.738,24.505,0.725,15.039,0,31355.418,1107.963,29243.099,3645.548,203.771,383.5,5378.242,39.86,1052.057,4.839,50.882,127.706,0,0,0,373.517,125.055,9858.453,0,0,4292.314,37888000,1187.994,646.765,73.445,1938.471,1.766,19.127,46.599,37.235,396.939,982.762
PRT,Portugal,2019,334.42,3.239,316.752,16.015,588.136,1566.059,0,0,51.827,3.42,6.014,24.036,16.834,9.211,0,1.187,27.792,1.241,13.69,0,28328.318,218.846,21400.891,2350.458,61.291,1646.204,5993.597,0,0,21.642,900.739,2116.385,0,0,0,141.54,116.118,13841.235,0,0,5068.195,10226000,289.685,2717.737,70.84,6927.427,3.157,121.33,308.74,34.018,1338.718,3326.647
PRI,Puerto Rico,2019,4.805,0,0,0,0,0,0,0,20.546,0.014,0,15.659,0,0.032,0,15.659,4.887,2.42,2.42,0,0,0,0,5338.902,0,0,0,0,0,0,11.051,0,0,0,0,0,5338.902,0,0,0,7004.946,2933000,0,1666.043,0,0,0,825.094,0,0,825.094,0
QAT,Qatar,2019,40.534,0,0,0,0,0,0,0,47.171,0.115,0,47.048,47.048,0,0,0,0.123,0.008,0,0,198418.117,561.615,198310.388,16612.973,410.729,16612.973,145031.593,1781.286,628985.262,0,0,0,0,0,0,150.886,0,53278.795,911.77,321952.823,16656.46,2832000,561.92,43.487,0.305,107.729,0.021,2.953,7.313,0,0,0
NA,Reunion,2019,209.299,0,0,0,0,0,0,0,3.181,0.186,0,2.131,0,0.601,0,2.131,1.05,0.25,0.013,0,0,0,0,2397.075,0,0,0,0,0,0,676.04,0,0,0,0,0,2397.075,0,0,0,3578.028,889000,0,1180.952,0,0,0,281.215,0,0,14.398,0
ROU,Romania,2019,26.731,0,0,53.213,702.61,2747.888,43.694,2256.357,59.457,0.518,13.606,23.441,9.13,15.655,11.279,0.705,24.737,1.796,6.768,0,19665.135,287.984,14871.376,1210.49,108.848,471.48,5620.878,96.763,4996.817,38.215,808.431,1973.38,27.932,582.434,1442.383,125.923,36.4,6502.61,41.417,2138.749,3070.337,19365000,380.815,1277.413,60.557,3127.141,4.294,92.757,221.728,16.7,349.494,862.361
RUS,Russia,2019,22.712,0,0,1008.008,1165.721,6910.219,2555.815,17520.941,1058.466,3.313,170.046,665.469,484.93,192.432,195.535,10.493,197.462,0.985,0.315,0,56756.466,7275.86,49878.388,4562.008,4443.131,3324.351,30459.106,6790.454,46550.769,481.318,1319.186,3299.59,517.494,1340.456,3547.591,1824.722,71.935,12509.062,6596.241,45219.375,7256.132,145872000,8279.179,1353.668,485.825,3330.487,2.439,6.752,16.722,0.78,2.159,5.344
RWA,Rwanda,2019,0.193,0,0,0,0,0,0,0,0.783,0.002,0,0.379,0.218,0.347,0,0.162,0.403,0.054,0,0,0,0,0,30.041,0,17.248,0,0,0,0,27.474,0,0,0,0,0,12.793,0,0,0,61.985,12627000,0,31.943,0,0,0,4.277,0,0,0,0
SHN,Saint Helena,2019,0,0,0,0,0,0,0,0,0.008,0,0,0.008,0,0,0,0.008,0,0,0,0,0,0,0,1388.889,0,0,0,0,0,0,0,0,0,0,0,0,1388.889,0,0,0,1388.889,6000,0,0,0,0,0,0,0,0,0,0
KNA,Saint Kitts and Nevis,2019,0,0,0,0,0,0,0,0,0.196,0,0,0.188,0,0,0,0.188,0.008,0,0.008,0,0,0,0,3553.459,0,0,0,0,0,0,0,0,0,0,0,0,3553.459,0,0,0,3696.855,53000,0,143.396,0,0,0,0,0,0,143.396,0
LCA,Saint Lucia,2019,0,0,0,0,0,0,0,0,0.384,0,0,0.381,0,0,0,0.381,0.003,0.003,0,0,0,0,0,2080.146,0,0,0,0,0,0,0,0,0,0,0,0,2080.146,0,0,0,2097.424,183000,0,17.279,0,0,0,17.279,0,0,0,0
SPM,Saint Pierre and Miquelon,2019,0,0,0,0,0,0,0,0,0.049,0,0,0.049,0,0,0,0.049,0,0,0,0,0,0,0,8111.111,0,0,0,0,0,0,0,0,0,0,0,0,8111.111,0,0,0,8111.111,6000,0,0,0,0,0,0,0,0,0,0
VCT,Saint Vincent and the Grenadines,2019,0,0,0,0,0,0,0,0,0.142,0,0,0.117,0,0.024,0,0.117,0.025,0.001,0,0,0,0,0,1054.054,0,0,0,0,0,0,216.216,0,0,0,0,0,1054.054,0,0,0,1279.279,111000,0,225.225,0,0,0,9.009,0,0,0,0
WSM,Samoa,2019,0,0,0,0,0,0,0,0,0.137,0,0,0.09,0,0.047,0,0.09,0.047,0,0,0,0,0,0,455.161,0,0,0,0,0,0,237.32,0,0,0,0,0,455.161,0,0,0,693.14,197000,0,237.98,0,0,0,0,0,0,0.66,0
STP,Sao Tome and Principe,2019,0,0,0,0,0,0,0,0,0.09,0,0,0.083,0,0.007,0,0.083,0.007,0,0,0,0,0,0,387.597,0,0,0,0,0,0,31.008,0,0,0,0,0,387.597,0,0,0,418.605,215000,0,31.008,0,0,0,0,0,0,0,0
SAU,Saudi Arabia,2019,0,0,0,1.189,0,34.707,0,0,361.462,0,0,361.302,212.67,0,0,148.632,0.16,0.155,0.005,0,89451.938,3061.018,89323.243,10543.129,1136.444,6205.91,33162.443,1136.444,33162.443,0,0,0,0,0,0,1923.385,4337.219,56126.092,6462.332,188576.606,10547.792,34269000,3065.428,4.663,4.41,128.695,4.41,4.523,128.695,0,0.14,0
SEN,Senegal,2019,5.789,0,0,0,0,0,0,0,4.696,0.094,0,4.157,0,0.365,0,4.157,0.54,0.08,0,0,0,0,0,255.074,0,0,0,0,0,0,22.41,0,0,0,0,0,255.074,0,0,0,288.182,16296000,0,33.108,0,0,0,4.909,0,0,0,0
SRB,Serbia,2019,13.224,0,0,0,2699.517,0,79.891,9107.535,34.728,0.116,23.68,23.68,0,10.07,0,0,11.048,0.014,0.848,0,0,0,0,2699.517,0,0,0,0,0,0,1148.003,0,0,0,0,0,0,0,0,0,3959.011,8772000,0,1259.494,0,0,0,1.596,0,0,96.671,0
SYC,Seychelles,2019,0,0,0,0,0,0,0,0,0.433,0,0,0.428,0,0,0,0.428,0.005,0.005,0,0,0,0,0,4370.748,0,0,0,0,0,0,0,0,0,0,0,0,4370.748,0,0,0,4421.769,98000,0,51.02,0,0,0,51.02,0,0,0,0
SLE,Sierra Leone,2019,0.502,0,0,0,0,0,0,0,0.274,0.004,0,0.084,0,0.18,0,0.084,0.19,0.006,0,0,0,0,0,10.794,0,0,0,0,0,0,23.039,0,0,0,0,0,10.794,0,0,0,35.103,7813000,0,24.309,0,0,0,0.768,0,0,0,0
SGP,Singapore,2019,229.497,0,0,7.263,0,1251.432,0,0,51.164,1.332,0,49.491,35.012,0,0,14.479,1.673,0.341,0,0,169886.083,983.664,169480.302,8527.05,127.411,6032.468,21952.303,0,0,0,0,0,0,0,0,848.989,2494.582,146276.567,0,0,8815.3,5804000,986.019,288.249,2.355,405.78,0.482,58.753,83.032,0,0,0
SVK,Slovakia,2019,338.313,0,0,31.72,455.979,5812.805,0,0,28.197,1.846,2.488,5.621,3.133,4.573,15.365,0,7.211,0.605,0.01,0,33458.196,127.439,23353.25,1030.049,48.508,574.07,8889.222,0,0,10.516,837.975,1927.158,38.349,2815.644,7027.499,47.21,0,8651.224,0,0,5167.146,5457000,182.581,1321.453,15.235,2791.914,1.458,110.91,267.27,0.007,1.819,1.361
SVN,Slovenia,2019,133.252,0,0,11.961,2160.869,5753.264,0,0,16.036,0.277,4.492,5.058,0.56,4.62,5.82,0.006,5.158,0.255,0.006,0,37446.178,50.068,24082.503,2432.924,8.567,269.247,4120.787,0,0,10.881,2222.381,5233.969,14.415,2799.506,6933.481,29.539,2.808,14208.452,0,0,7713.385,2079000,77.851,2480.956,12.253,5893.465,0.664,122.437,319.392,0.015,2.885,7.311
SLB,Solomon Islands,2019,3.495,0,0,0,0,0,0,0,0.109,0.002,0,0.104,0,0,0,0.104,0.005,0.003,0,0,0,0,0,154.726,0,0,0,0,0,0,0,0,0,0,0,0,154.726,0,0,0,162.542,670000,0,7.815,0,0,0,4.321,0,0,0,0
SOM,Somalia,2019,0,0,0,0,0,0,0,0,0.347,0,0,0.33,0,0,0,0.33,0.017,0.011,0.006,0,0,0,0,21.369,0,0,0,0,0,0,0,0,0,0,0,0,21.369,0,0,0,22.483,15443000,0,1.114,0,0,0,0.712,0,0,0.401,0
NA,South & Central America,2019,0,0,0,412.042,0,0,704.614,0,1329.333,0,74.288,405.514,244.952,714.703,24.607,86.273,898.852,17.618,79.158,0,0,0,0,0,1653.535,0,0,1735.772,0,0,0,0,0,0,0,3293.155,0,0,3680.94,0,0,0,7946.882,0,0,0,0,0,0,0,0,0
ZAF,South Africa,2019,7.565,0,0,1059.391,3434.479,18091.308,1672.109,28554.754,234.752,0.443,201.116,208.197,1.721,1.076,13.603,5.36,12.952,4.809,6.624,0,25619.735,1430.966,24436.722,3555.395,42.831,29.383,731.42,0,0,1.882,18.377,32.141,35.197,232.3,601.07,328.744,91.534,5613.994,0,0,4008.88,58558000,1500.24,221.185,33.152,566.147,13.027,82.124,222.464,17.18,113.119,293.391
KOR,South Korea,2019,199.492,8.001,156.202,954.533,4313.642,18634.124,5.978,116.697,546.439,10.219,220.966,376.421,139.577,2.748,138.809,15.878,31.209,13.022,2.463,0,67083.32,2987.572,58322.54,7348.387,559.671,2724.788,10925.738,0,0,6.873,53.65,134.173,361.503,2709.79,7057.161,1473.368,309.956,28762.677,0,0,10667.421,51225000,3436.343,609.244,87.268,1703.619,30.044,254.212,586.505,6.829,48.088,133.316
SSD,South Sudan,2019,0,0,0,0,0,0,0,0,0.549,0,0,0.546,0,0,0,0.546,0.003,0.003,0,0,0,0,0,49.399,0,0,0,0,0,0,0,0,0,0,0,0,49.399,0,79.333,7171.692,49.67,11062000,0,0.271,0,0,0,0.271,0,0,0,0
ESP,Spain,2019,125.853,15.294,327.238,58.349,262.114,1248.453,0.281,6.018,271.518,5.882,12.25,112.763,84.101,24.909,58.448,16.411,100.308,15.147,54.369,0,34004.435,1174.89,25138.334,2412.705,361.107,1799.455,7726.364,0,0,62.489,532.958,1337.045,144.708,1250.566,3096.224,755.434,351.137,16163.516,0,0,5809.495,46737000,1589.265,2146.223,269.667,5769.877,37.247,324.082,796.94,139.09,1163.294,2976.022
LKA,Sri Lanka,2019,4.549,0,0,17.511,170.631,821.202,0,0,15.824,0.097,3.639,8.51,0,6.48,0,4.872,7.314,0.37,0.367,0,4671.618,85.619,4015.15,399.087,0,0,0,0,0,11.952,303.867,560.5,0,0,0,68.108,228.456,3193.948,0,0,742.065,21324000,99.618,342.978,13.999,656.468,0.913,17.351,42.82,0.908,17.211,42.595
SDN,Sudan,2019,2.812,0,0,0,0,0,0,0,16.929,0.12,0,6.82,1.922,9.969,0,4.898,10.109,0.02,0,0,0,0,0,159.29,0,44.884,0,0,0,0,232.84,0,0,0,0,0,114.406,0,58.462,1365.525,395.41,42813000,0,236.119,0,0,0,0.467,0,0,0,0
SUR,Suriname,2019,11.103,0,0,0,0,0,0,0,1.871,0.006,0,0.69,0,1.164,0,0.69,1.181,0.01,0,0,0,0,0,1188.078,0,0,0,0,0,0,2003.855,0,0,0,0,0,1188.078,0,0,0,3220.248,581000,0,2032.17,0,0,0,17.212,0,0,0,0
SWE,Sweden,2019,1282.677,17.093,1703.167,23.531,33.38,2344.648,0,0,170.601,12.873,0.335,3.657,0.385,66.568,67.176,2.937,99.768,0.407,19.92,0,62046.921,193.733,19303.846,364.388,10.492,38.362,1045.473,0,0,162.741,6632.955,16215.682,165.955,6693.523,16536.01,159.71,292.646,15913.725,0,0,16998.941,10036000,622.703,9941.029,263.014,26207.064,1.453,40.554,144.768,49.234,1984.843,4905.77
CHE,Switzerland,2019,384.239,0,0,1.192,0,138.711,0,0,69.251,3.301,0,0.661,0,37.66,25.37,0.661,43.22,2.111,0.148,0,36542.174,158.612,18462.576,76.997,33.998,0,3957.446,0,0,85.933,4383.611,10002.732,57.027,2953.09,6638.029,123.422,76.997,14366.419,0,0,8060.913,8591000,313.934,5030.826,96.194,11197.077,5.596,245.722,651.435,0.302,17.254,35.165
SYR,Syria,2019,1.933,0,0,0,0,0,0,0,17.265,0.033,0,16.373,7.385,0.859,0,8.989,0.892,0,0,0,0,0,0,959.182,0,432.604,0,37.273,2183.567,0,50.319,0,0,0,0,0,526.578,0,11.899,697.089,1011.434,17070000,0,52.252,0,0,0,0,0,0,0,0
TWN,Taiwan,2019,159.628,0,0,452.917,4888.237,19050.937,0,0,256.385,3.795,116.213,209.883,83.763,5.545,31.147,9.907,15.355,4.144,1.871,0,56205.531,1222.656,51428.304,8828.258,232.598,3523.293,9783.73,0,0,13.729,233.238,577.467,80.04,1310.129,3366.698,537.141,416.727,22593.637,0,0,10784.264,23774000,1336.23,645.878,33.534,1410.529,10.262,174.312,431.634,4.634,78.699,194.91
TJK,Tajikistan,2019,0,0,0,0,0,0,0,0,20.394,0,0,1.417,0,18.977,0,1.417,18.977,0,0,0,0,0,0,151.977,0,0,0,0,0,0,2035.974,0,0,0,0,0,151.977,0,0,0,2187.951,9321000,0,2035.974,0,0,0,0,0,0,0,0
TZA,Tanzania,2019,1.287,0,0,0,0,0,0,0,7.04,0.075,0,4.624,3.558,2.253,0,1.067,2.416,0.088,0,0,0,0,0,79.726,0,61.335,0,0,0,0,38.845,0,0,0,0,0,18.391,0,0,0,121.375,58005000,0,41.65,0,0,0,1.517,0,0,0,0
THA,Thailand,2019,268.377,27.827,399.669,198.331,483.651,2848.519,41.002,588.894,183.536,18.686,33.675,149.643,114.856,6.37,0,1.113,33.893,5.182,3.655,0,22398.508,1463.066,21013.216,2149.245,508.326,1649.612,7300.812,357.727,5137.839,15.625,91.484,224.411,0,0,0,756.409,15.982,10863.885,197.705,2839.527,2636.027,69626000,1559.519,486.782,96.452,1385.292,12.416,74.426,178.322,6.591,52.495,94.662
TGO,Togo,2019,0,0,0,0,0,0,0,0,0.384,0,0,0.381,0.083,0,0,0.298,0.003,0.003,0,0,0,0,0,47.182,0,10.31,0,0,0,0,0,0,0,0,0,0,36.872,0,0,0,47.553,8082000,0,0.371,0,0,0,0.371,0,0,0,0
TON,Tonga,2019,0,0,0,0,0,0,0,0,0.057,0,0,0.057,0,0,0,0.057,0,0,0,0,0,0,0,548.077,0,0,0,0,0,0,0,0,0,0,0,0,548.077,0,0,0,548.077,104000,0,0,0,0,0,0,0,0,0,0
TTO,Trinidad and Tobago,2019,0,0,0,0,0,0,0,0,8.335,0,0,8.33,7.277,0,0,1.053,0.005,0.005,0,0,142118.82,198.244,142110.53,5971.302,175.418,5216.745,125747.821,345.609,247748.517,0,0,0,0,0,0,22.826,754.557,16362.709,42.5,30466.256,5974.886,1395000,198.256,3.584,0.012,8.29,0.012,3.584,8.29,0,0,0
TUN,Tunisia,2019,0,0,0,0,0,0,0,0,19.989,0,0,19.25,19.25,0.065,0,0,0.739,0.174,0.5,0,0,0,0,1645.998,0,1645.998,0,0,0,0,5.587,0,0,0,0,0,0,0,26.741,2286.551,1709.216,11695000,0,63.218,0,0,0,14.878,0,0,42.753,0
TUR,Turkey,2019,39.35,0,0,471.24,1264.73,5648.329,193.138,2314.971,290.442,3.283,105.516,160.236,53.528,87.997,0,1.192,130.206,9.16,21.344,0,21609.123,1467.992,17595.499,1920.607,432.201,641.589,5180.404,0,0,220.778,1054.742,2646.264,0,0,0,564.551,14.288,6766.765,0,0,3481.267,83430000,1802.849,1560.66,333.035,3991.79,27.039,109.793,324.095,53.744,255.827,644.179
TKM,Turkmenistan,2019,0,0,0,0,0,0,0,0,21.182,0,0,21.182,7.23,0,0,13.952,0,0,0,0,67658.403,402.001,67654.188,3564.795,315.327,1216.819,53067.419,631.632,106299.621,0.008,0.05,1.314,0,0,0,86.675,2347.976,14586.769,145.464,24480.666,3564.846,5942000,402.026,0.05,0.025,4.215,0.017,0,2.9,0,0,0
TCA,Turks and Caicos Islands,2019,0,0,0,0,0,0,0,0,0.192,0,0,0.192,0,0,0,0.192,0,0,0,0,0,0,0,5043.86,0,0,0,0,0,0,0,0,0,0,0,0,5043.86,0,0,0,5043.86,38000,0,0,0,0,0,0,0,0,0,0
UGA,Uganda,2019,11.46,0,0,0,0,0,0,0,4.869,0.507,0,0.289,0,3.999,0,0.289,4.58,0.073,0,0,0,0,0,6.533,0,0,0,0,0,0,90.338,0,0,0,0,0,6.533,0,0,0,109.98,44270000,0,103.447,0,0,0,1.649,0,0,0,0
UKR,Ukraine,2019,6.478,0,0,306.453,999.383,6965.78,159.019,3614.568,142.851,0.285,43.967,54.275,8.369,7.687,78.144,1.939,10.432,0.998,1.462,0,21501.22,710.505,16150.036,1233.683,282.031,190.228,6410.663,195.907,4453.044,16.92,174.736,384.608,205.532,1776.242,4671.826,122.021,44.073,2773.593,0,0,3247.057,43994000,945.925,237.131,29.393,668.122,7.208,22.685,163.838,4.668,33.232,106.102
ARE,United Arab Emirates,2019,0.614,0,0,28.613,0,2928.331,0,0,130.029,0.006,0,125.852,125.849,0,0,0.003,4.177,4.17,0.001,0,137317.77,1331.39,136259.373,12880.156,759.906,12879.846,77771.613,625.309,63996.387,0,0,0,0,0,0,542.871,0.31,55559.429,2092.903,214195.416,13307.645,9771000,1341.732,427.49,10.342,1058.397,10.323,426.773,1056.499,0.004,0.102,0.377
GBR,United Kingdom,2019,503.009,19.32,286.095,72.846,102.786,1078.722,16.161,239.321,319.515,33.968,6.941,145.006,131.276,5.858,57.176,6.788,117.333,12.97,64.527,0,32249.735,1723.913,25528.108,2147.28,788.418,1943.973,11675.072,396.294,5868.418,14.755,86.75,218.488,139.124,846.681,2060.176,862.649,100.522,12774.314,601.357,8905.039,4731.456,67530000,2177.825,1737.495,314.788,4661.45,31.39,192.062,464.83,158.81,955.536,2351.701
USA,United States of America,2019,174.759,406.191,1234.379,3150.181,2932.421,9573.128,3972.48,12072.023,4161.834,57.507,964.957,2595.032,1598.303,282.613,809.409,31.772,757.393,106.894,294.906,0,79897.151,21891.102,66525.162,7886.077,8466.457,4857.104,25728.83,9208.816,27984.793,671.447,858.836,2040.469,2109.762,2459.725,6411.385,10274.464,96.552,31223.204,8670.215,26348.031,12647.454,329064992,26291.355,2301.652,2290.491,6960.604,268.32,324.842,815.4,750.547,896.194,2280.847
VIR,United States Virgin Islands,2019,0,0,0,0,0,0,0,0,0.576,0,0,0.568,0,0,0,0.568,0.007,0.007,0,0,0,0,0,5412.698,0,0,0,0,0,0,0,0,0,0,0,0,5412.698,0,0,0,5481.651,105000,0,68.952,0,0,0,68.952,0,0,0,0
URY,Uruguay,2019,726.459,0,0,0,0,0,0,0,15.99,2.515,0,0.272,0.111,8.027,0,0.161,15.718,0.423,4.753,0,0,0,0,78.469,0,32.006,0,0,0,0,2318.579,0,0,0,0,0,46.463,0,0,0,4618.596,3462000,0,4540.127,0,0,0,122.184,0,0,1372.906,0
UZB,Uzbekistan,2019,0,0,0,20.193,372.86,612.254,13.233,401.216,61.046,0,12.298,55.588,41.828,5.451,0,1.463,5.458,0.007,0,0,15022.418,479.365,14534.125,1685.409,434.134,1268.196,13162.762,562.736,17061.926,16.095,165.283,488.006,0,0,0,25.037,44.353,759.11,32.475,984.632,1850.899,32982000,495.469,165.49,16.105,488.292,0.009,0.207,0.286,0,0,0
VUT,Vanuatu,2019,0,0,0,0,0,0,0,0,0.074,0,0,0.064,0,0,0,0.064,0.01,0.005,0.005,0,0,0,0,214.444,0,0,0,0,0,0,0,0,0,0,0,0,214.444,0,0,0,248.098,300000,0,33.653,0,0,0,17.653,0,0,16,0
VEN,Venezuela,2019,0,0,0,0.878,0,30.79,2.563,89.884,89.16,0,0,37.042,37.042,52.041,0,0,52.118,0.006,0.071,0,21691.926,461.508,16184.179,1298.977,264.558,1298.977,9277.54,264.558,9277.54,156.663,1824.987,5493.879,0,0,0,196.072,0,6875.849,541.376,18984.974,3126.665,28516000,618.567,1827.687,157.059,5507.746,0.029,0.21,1.027,0.366,2.49,12.84
VNM,Vietnam,2019,1.306,0,0,574.99,1378.863,5960.794,300.44,3114.594,259.449,0.126,133.008,185.259,50.997,67.393,0,1.255,74.189,5.91,0.76,0,11861.738,970.1,10056.813,1920.542,98.528,528.672,1021.413,98.528,1021.413,162.349,698.65,1683.038,0,0,0,296.583,13.007,3074.606,132.857,1377.296,2689.645,96462000,1144.207,769.103,174.107,1804.925,10.353,61.268,107.323,1.216,7.879,12.602
NA,Western Africa,2019,0,0,0,10.65,0,0,0,0,75.403,0,0,0,0,19.141,0,0,20.483,0.784,0.189,0,0,0,0,0,239.612,0,0,0,0,0,0,0,0,0,0,420.102,0,0,0,0,0,0,721.085,0,0,0,0,0,0,0,0,0
ESH,Western Sahara,2019,0,0,0,0,0,0,0,0,0,0,0,0,0,0,0,0,0,0,0,0,0,0,0,0,0,0,0,0,0,0,0,0,0,0,0,0,0,0,0,0,0,582000,0,0,0,0,0,0,0,0,0,0
OWID_WRL,World,2019,74.226,1101.949,142.86,43849.215,1177.372,5684.76,46548.716,6034.733,25899.806,572.538,9081.622,16114.042,5943.112,4261.241,2720.674,1089.308,7065.089,704.024,1416.947,0,21027.415,136761.607,17730.236,2089.079,39292.468,770.485,5094.008,39893.382,5171.913,10455.127,552.442,1355.438,6923.412,352.717,897.574,53619.925,141.222,6951.468,52069.986,6750.529,3357.738,7713467904,162194.29,915.942,18504.151,2398.941,1792.996,91.272,232.45,3540.051,183.698,458.944
YEM,Yemen,2019,0,0,0,0,0,0,0,0,2.513,0,0,2.013,0.771,0,0,1.243,0.5,0.5,0,0,0,0,0,69.045,0,26.429,0,5.779,198.174,0,0,0,0,0,0,0,42.616,0,48.983,1679.684,86.19,29162000,0,17.146,0,0,0,17.146,0,0,0,0
ZMB,Zambia,2019,4.483,0,0,0,111.892,0,0,0,16.855,0.08,1.999,3.002,0,13.772,0,1.003,13.853,0,0,0,0,0,0,168.061,0,0,0,0,0,0,771.089,0,0,0,0,0,56.169,0,0,0,943.655,17861000,0,775.594,0,0,0,0.022,0,0,0,0
ZWE,Zimbabwe,2019,14.112,0,0,0,259.845,0,17.487,1194.077,9.046,0.207,3.805,3.805,0,5.02,0,0,5.241,0.014,0,0,0,0,0,259.845,0,0,0,0,0,0,342.779,0,0,0,0,0,0,0,0,0,617.692,14645000,0,357.847,0,0,0,0.956,0,0,0,0
